From	To	Reaction Type	Controller	Control Type	Cell Type	PMIDs	Genes	Drugs	Diseases
1-methylxanthine	1-methyl uric acid	Biochemical Reaction	XDH	Catalysis	hepatocyte	22541837,8236273	XDH		
theophylline	1,3-dimethyl uric acid	Biochemical Reaction	CYP1A2,CYP2E1,XDH	Catalysis	hepatocyte	12732846,16841220,20797314,21234553,8236273	"CYP1A2","CYP2E1","XDH"	theophylline	
theophylline	1-methylxanthine	Biochemical Reaction	CYP1A2,CYP3A4	Catalysis	hepatocyte	2877015,3367304,8236273,8786569	"CYP1A2","CYP3A4"	theophylline	
theophylline	3-methylxanthine	Biochemical Reaction	CYP1A2,CYP3A4	Catalysis	hepatocyte	2877015,3367304,8236273,8786569	"CYP1A2","CYP3A4"	theophylline	
theophylline	caffeine	Biochemical Reaction			hepatocyte	17221922,6341027		"caffeine","theophylline"	
