From	To	Reaction Type	Controller	Control Type	Cell Type	PMIDs	Genes	Drugs	Diseases
4'-hydroxyclobazam	4'-hydroxy-n-desmethylclobazam	Biochemical Reaction	CYP2B6, CYP2C9, CYP3A4			15483195, 35204		4'-hydroxyclobazam, 4'-hydroxy-n-desmethylclobazam	
clobazam	norclobazam	Biochemical Reaction	CYP2B6, CYP2C19, CYP3A4			15483195, 35204		clobazam, norclobazam	
clobazam	4'-hydroxyclobazam	Biochemical Reaction	CYP2C18, CYP2C19			15483195, 35204		4'-hydroxyclobazam, clobazam	
norclobazam	4'-hydroxy-n-desmethylclobazam	Biochemical Reaction	CYP2C18, CYP2C19			15483195, 35204		4'-hydroxy-n-desmethylclobazam, norclobazam	
norclobazam	Benzodiazepine Pathway, Pharmacodynamics	Leads To				8764810		norclobazam	
clobazam	Benzodiazepine Pathway, Pharmacodynamics	Leads To				8764810		clobazam	
