From	To	Reaction Type	Controller	Control Type	Cell Type	PMIDs	Genes	Drugs	Diseases
1,7-dimethylxanthine	1-methylxanthine	Biochemical Reaction				17221922		1,7-dimethylxanthine	
caffeine	1,3,7-trimethyluric acid	Biochemical Reaction	CYPs			19211970		caffeine	
caffeine	theophylline	Biochemical Reaction	CYPs			19211970, 1302044		caffeine, theophylline	
1,7-dimethylxanthine	5-acetylamino-6-formylamino-3-methyluracil	Biochemical Reaction	NAT2			17221922		1,7-dimethylxanthine	
1-methylxanthine	1-methyluric acid	Biochemical Reaction	XDH			17221922			
theophylline	1-methylxanthine	Biochemical Reaction	CYP1A2, CYP3A4			8786569, 8236273, 3367304, 2877015		theophylline	
caffeine	theobromine	Biochemical Reaction	CYP1A2, CYP2E1			19211970, 1302044		caffeine, theobromine	
1,7-dimethylxanthine	1,7-dimethyluric acid	Biochemical Reaction	CYP1A2, CYP2A6			17221922		1,7-dimethylxanthine	
caffeine	1,7-dimethylxanthine	Biochemical Reaction	CYP1A2			19211970, 17221922, 8529334		caffeine, 1,7-dimethylxanthine	
