{
  "citations" : [ {
    "@id" : "https://pharmgkb.org/literature/15058356",
    "@context" : "https://api.pharmgkb.org/jsonld/literature.jsonld",
    "id" : 15058356,
    "resourceId" : "23695185",
    "title" : "Clinical Pharmacogenetics Implementation Consortium guidelines for HLA-B genotype and carbamazepine dosing.",
    "_sameAs" : "https://www.ncbi.nlm.nih.gov/pmc/articles/PMC3748365",
    "authors" : [ "Leckband S G", "Kelsoe J R", "Dunnenberger H M", "George A L", "Tran E", "Berger R", "Müller D J", "Whirl-Carrillo M", "Caudle K E", "Pirmohamed M", "Clinical Pharmacogenetics Implementation Consortium" ],
    "hasKeyword" : true,
    "journal" : "Clinical pharmacology and therapeutics",
    "meshDiseases" : [ ],
    "meshTerms" : [ "Anticonvulsants", "Carbamazepine", "Cost-Benefit Analysis", "Genetic Testing", "Genetic Variation", "Genotype", "HLA-B Antigens", "Humans", "Risk Assessment" ],
    "month" : 9,
    "nonHuman" : false,
    "objCls" : "Literature",
    "page" : "324-8",
    "pgkbPublication" : true,
    "pubDate" : "2013-09-01T00:00:00-07:00",
    "summary" : "Human leukocyte antigen B (HLA-B) is a gene that encodes a cell surface protein involved in presenting antigens to the immune system. The variant allele HLA-B*15:02 is associated with an increased risk of Stevens-Johnson syndrome (SJS) and toxic epidermal necrolysis (TEN) in response to carbamazepine treatment. We summarize evidence from the published literature supporting this association and provide recommendations for the use of carbamazepine based on HLA-B genotype (also available on PharmGKB: http://www.pharmgkb.org). The purpose of this article is to provide information to allow the interpretation of clinical HLA-B*15:02 genotype tests so that the results can be used to guide the use of carbamazepine. The guideline provides recommendations for the use of carbamazepine when HLA-B*15:02 genotype results are available. Detailed guidelines regarding the selection of alternative therapies, the use of phenotypic tests, when to conduct genotype testing, and cost-effectiveness analyses are beyond the scope of this document. Clinical Pharmacogenetics Implementation Consortium (CPIC) guidelines are published and updated periodically on the PharmGKB website at (http://www.pharmgkb.org).",
    "type" : "Article",
    "version" : 6,
    "volume" : "94",
    "xrefs" : [ {"@id":"https://pharmgkb.org/crossReference/pmc/PMC3748365","@context":"https://api.pharmgkb.org/jsonld/crossReference.jsonld","id":1449276532,"resource":"PubMed Central","resourceId":"PMC3748365","_url":"https://www.ncbi.nlm.nih.gov/pmc/articles/PMC3748365"}, {"@id":"https://pharmgkb.org/crossReference/pubMed/23695185","@context":"https://api.pharmgkb.org/jsonld/crossReference.jsonld","id":1449276531,"resource":"PubMed","resourceId":"23695185","_url":"https://www.ncbi.nlm.nih.gov/pubmed/23695185"}, {"@id":"https://pharmgkb.org/crossReference/doi/10.1038/clpt.2013.103","@context":"https://api.pharmgkb.org/jsonld/crossReference.jsonld","id":1449276533,"resource":"DOI","resourceId":"10.1038/clpt.2013.103","_url":"http://dx.doi.org/10.1038%2Fclpt.2013.103"} ],
    "year" : 2013
  } ],
  "guideline" : {
    "@id" : "https://pharmgkb.org/guidelineAnnotation/PA166105008",
    "@context" : "https://api.pharmgkb.org/jsonld/guidelineAnnotation.jsonld",
    "objCls" : "Guideline Annotation",
    "id" : "PA166105008",
    "name" : "Annotation of CPIC Guideline for carbamazepine and HLA-A,HLA-B",
    "cancerGenome" : false,
    "descriptiveVideoId" : "AFD2W7ugz2I",
    "guidelineGenes" : [ {
      "id" : 1449561429,
      "alleles" : [ {
        "id" : 1449561430,
        "_label" : "Other",
        "allele" : "Other",
        "function" : {
          "@id" : "https://pharmgkb.org/ontologyTerm/alleleFunction/haplotypeTags:1445558334",
          "@context" : "https://api.pharmgkb.org/jsonld/ontologyTerm.jsonld",
          "id" : 1445558334,
          "parents" : [ ],
          "resource" : "Allele Function",
          "term" : "Absence",
          "termId" : "haplotypeTags:1445558334",
          "version" : 0
        },
        "version" : 0
      }, {
        "id" : 1449561431,
        "_label" : "*31:01:02",
        "function" : {
          "@id" : "https://pharmgkb.org/ontologyTerm/alleleFunction/haplotypeTags:1445558333",
          "@context" : "https://api.pharmgkb.org/jsonld/ontologyTerm.jsonld",
          "id" : 1445558333,
          "parents" : [ ],
          "resource" : "Allele Function",
          "term" : "Presence",
          "termId" : "haplotypeTags:1445558333",
          "version" : 0
        },
        "haplotype" : {
          "@id" : "https://pharmgkb.org/haplotype/PA165954030",
          "@context" : "https://api.pharmgkb.org/jsonld/haplotype.jsonld",
          "objCls" : "Haplotype",
          "id" : "PA165954030",
          "symbol" : "HLA-A*31:01:02",
          "name" : "*31:01:02",
          "version" : 3
        },
        "version" : 0
      } ],
      "gene" : {
        "@id" : "https://pharmgkb.org/gene/PA35055",
        "@context" : "https://api.pharmgkb.org/jsonld/gene.jsonld",
        "objCls" : "Gene",
        "id" : "PA35055",
        "symbol" : "HLA-A",
        "name" : "major histocompatibility complex, class I, A",
        "version" : 42
      },
      "version" : 0
    }, {
      "id" : 1449561432,
      "alleles" : [ {
        "id" : 1449561433,
        "_label" : "Other",
        "allele" : "Other",
        "function" : {
          "@id" : "https://pharmgkb.org/ontologyTerm/alleleFunction/haplotypeTags:1445558334",
          "@context" : "https://api.pharmgkb.org/jsonld/ontologyTerm.jsonld",
          "id" : 1445558334,
          "parents" : [ ],
          "resource" : "Allele Function",
          "term" : "Absence",
          "termId" : "haplotypeTags:1445558334",
          "version" : 0
        },
        "version" : 0
      }, {
        "id" : 1449561434,
        "_label" : "*15:02:01",
        "function" : {
          "@id" : "https://pharmgkb.org/ontologyTerm/alleleFunction/haplotypeTags:1445558333",
          "@context" : "https://api.pharmgkb.org/jsonld/ontologyTerm.jsonld",
          "id" : 1445558333,
          "parents" : [ ],
          "resource" : "Allele Function",
          "term" : "Presence",
          "termId" : "haplotypeTags:1445558333",
          "version" : 0
        },
        "haplotype" : {
          "@id" : "https://pharmgkb.org/haplotype/PA165954769",
          "@context" : "https://api.pharmgkb.org/jsonld/haplotype.jsonld",
          "objCls" : "Haplotype",
          "id" : "PA165954769",
          "symbol" : "HLA-B*15:02:01",
          "name" : "*15:02:01",
          "version" : 2
        },
        "version" : 0
      } ],
      "gene" : {
        "@id" : "https://pharmgkb.org/gene/PA35056",
        "@context" : "https://api.pharmgkb.org/jsonld/gene.jsonld",
        "objCls" : "Gene",
        "id" : "PA35056",
        "symbol" : "HLA-B",
        "name" : "major histocompatibility complex, class I, B",
        "version" : 40
      },
      "version" : 0
    } ],
    "history" : [ {
      "id" : 1183699768,
      "date" : "2013-05-21T00:00:00-07:00",
      "type" : "Create",
      "version" : 0
    }, {
      "id" : 1449167600,
      "date" : "2018-02-07T22:42:48.154-08:00",
      "description" : "guideline update",
      "type" : "Update",
      "version" : 0
    }, {
      "id" : 1450372859,
      "date" : "2019-03-20T14:12:46.696-07:00",
      "description" : "Added link to guideline video",
      "type" : "Update",
      "version" : 0
    } ],
    "literature" : [ {"@id":"https://pharmgkb.org/literature/15100356","@context":"https://api.pharmgkb.org/jsonld/literature.jsonld","id":15100356,"resourceId":"29392710","title":"Clinical Pharmacogenetics Implementation Consortium Guideline for HLA Genotype and Use of Carbamazepine and Oxcarbazepine: 2017 Update.","_sameAs":"https://www.ncbi.nlm.nih.gov/pmc/articles/PMC5847474","objCls":"Literature","type":"Article","xrefs":[{"@id":"https://pharmgkb.org/crossReference/pmc/PMC5847474","@context":"https://api.pharmgkb.org/jsonld/crossReference.jsonld","id":1449292006,"resource":"PubMed Central","resourceId":"PMC5847474","_url":"https://www.ncbi.nlm.nih.gov/pmc/articles/PMC5847474"},{"@id":"https://pharmgkb.org/crossReference/pubMed/29392710","@context":"https://api.pharmgkb.org/jsonld/crossReference.jsonld","id":1449292005,"resource":"PubMed","resourceId":"29392710","_url":"https://www.ncbi.nlm.nih.gov/pubmed/29392710"},{"@id":"https://pharmgkb.org/crossReference/doi/10.1002/cpt.1004","@context":"https://api.pharmgkb.org/jsonld/crossReference.jsonld","id":1449292007,"resource":"DOI","resourceId":"10.1002/cpt.1004","_url":"http://dx.doi.org/10.1002%2Fcpt.1004"}]}, {"@id":"https://pharmgkb.org/literature/15058356","@context":"https://api.pharmgkb.org/jsonld/literature.jsonld","id":15058356,"resourceId":"23695185","title":"Clinical Pharmacogenetics Implementation Consortium guidelines for HLA-B genotype and carbamazepine dosing.","_sameAs":"https://www.ncbi.nlm.nih.gov/pmc/articles/PMC3748365","objCls":"Literature","type":"Article","xrefs":[{"@id":"https://pharmgkb.org/crossReference/pmc/PMC3748365","@context":"https://api.pharmgkb.org/jsonld/crossReference.jsonld","id":1449276532,"resource":"PubMed Central","resourceId":"PMC3748365","_url":"https://www.ncbi.nlm.nih.gov/pmc/articles/PMC3748365"},{"@id":"https://pharmgkb.org/crossReference/pubMed/23695185","@context":"https://api.pharmgkb.org/jsonld/crossReference.jsonld","id":1449276531,"resource":"PubMed","resourceId":"23695185","_url":"https://www.ncbi.nlm.nih.gov/pubmed/23695185"},{"@id":"https://pharmgkb.org/crossReference/doi/10.1038/clpt.2013.103","@context":"https://api.pharmgkb.org/jsonld/crossReference.jsonld","id":1449276533,"resource":"DOI","resourceId":"10.1038/clpt.2013.103","_url":"http://dx.doi.org/10.1038%2Fclpt.2013.103"}]}, {"@id":"https://pharmgkb.org/literature/15100921","@context":"https://api.pharmgkb.org/jsonld/literature.jsonld","id":15100921,"resourceId":"https://cpicpgx.org/guidelines/guideline-for-carbamazepine-and-hla-b/","title":"CPIC® Guideline for HLA genotype and Use of Carbamazepine and Oxcarbazepine – CPIC","_sameAs":"https://cpicpgx.org/guidelines/guideline-for-carbamazepine-and-hla-b/","objCls":"Literature","type":"Web Page","xrefs":[{"@id":"https://pharmgkb.org/crossReference/url/https://cpicpgx.org/guidelines/guideline-for-carbamazepine-and-hla-b/","@context":"https://api.pharmgkb.org/jsonld/crossReference.jsonld","id":1447983473,"resource":"URL","resourceId":"https://cpicpgx.org/guidelines/guideline-for-carbamazepine-and-hla-b/","_url":"https://cpicpgx.org/guidelines/guideline-for-carbamazepine-and-hla-b/"}]} ],
    "recommendation" : true,
    "relatedAlleles" : [ ],
    "relatedChemicals" : [ {
      "@id" : "https://pharmgkb.org/chemical/PA448785",
      "@context" : "https://api.pharmgkb.org/jsonld/chemical.jsonld",
      "objCls" : "Chemical",
      "id" : "PA448785",
      "name" : "carbamazepine",
      "version" : 12
    } ],
    "relatedGenes" : [ {
      "@id" : "https://pharmgkb.org/gene/PA35055",
      "@context" : "https://api.pharmgkb.org/jsonld/gene.jsonld",
      "objCls" : "Gene",
      "id" : "PA35055",
      "symbol" : "HLA-A",
      "name" : "major histocompatibility complex, class I, A",
      "version" : 42
    }, {
      "@id" : "https://pharmgkb.org/gene/PA35056",
      "@context" : "https://api.pharmgkb.org/jsonld/gene.jsonld",
      "objCls" : "Gene",
      "id" : "PA35056",
      "symbol" : "HLA-B",
      "name" : "major histocompatibility complex, class I, B",
      "version" : 40
    } ],
    "source" : "Clinical Pharmacogenetics Implementation Consortium",
    "summaryMarkdown" : {
      "id" : 1447981980,
      "html" : "<p>The CPIC Dosing Guideline update for carbamazepine recommends an alternative drug for carbamazepine-naive patients carrying at least one copy of either <em>HLA-B*15:02</em> or <em>HLA-A*31:01</em> due to the association of those alleles with an increased risk of Stevens-Johnson syndrome (SJS) and toxic epidermal necrolysis (TEN). In addition, <em>HLA-A*31:01</em> is associated with an increased risk of drug reaction with eosinophilia and systemic symptoms (DRESS) and maculopapular exanthema (MPE).</p>\n",
      "version" : 1
    },
    "terms" : [ {"@id":"https://pharmgkb.org/ontologyTerm/cpicStatus/cpicStatus:1183847844","@context":"https://api.pharmgkb.org/jsonld/ontologyTerm.jsonld","id":1183847844,"resource":"CPIC Status","term":"A","termId":"cpicStatus:1183847844"} ],
    "textMarkdown" : {
      "id" : 1447981979,
      "html" : "<p>This annotation is based on the <a rel=\"noopener noreferrer\" href=\"https://cpicpgx.org/guidelines/guideline-for-carbamazepine-and-hla-b/\" target=\"_blank\">CPIC&reg; guideline for carbamazepine, <em>HLA-B</em> and <em>HLA-A</em></a>.</p>\n<h3 id=\"december-2017\">December 2017</h3>\n<p><em>Accepted article preview online January 2018; Advance online publication February 2018.</em></p>\n<ul>\n<li>The 2017 update of CPIC guidelines regarding the use of pharmacogenomic tests in dosing of carbamazepine have been published in Clinical Pharmacology and Therapeutics by the Clinical Pharmacogenetics Implementation Consortium (CPIC). Literature up to June 2016 was reviewed, recommendations and supplemental information were updated.</li>\n<li>Excerpt from the 2017 dosing guideline update:\n<ul>\n<li>&quot;There is evidence linking <em>HLA-B*15:02</em> genotype with the risk of carbamazepine- and oxcarbazepine-induced SJS/TEN and linking <em>HLA-A*31:01</em> genotype with the risk of carbamazepine-induced SJS/TEN, DRESS and MPE.&quot;</li>\n<li>&quot;Data describing the relationship between <em>HLA-B*15:02</em> and <em>HLA-A*31:01</em> genotype and carbamazepine- or oxcarbazepine-induced cutaneous adverse reactions in pediatric patients are scarce. In the absence of data suggesting a different relationship between these <em>HLA</em> alleles and drug-induced hypersensitivity in pediatric patients, the recommendations may be used to guide use of carbamazepine and oxcarbazepine in both adult and pediatric patients.&quot;</li>\n</ul>\n</li>\n<li>Download and read:\n<ul>\n<li><a rel=\"noopener noreferrer\" href=\"https://cpicpgx.org/content/guideline/publication/carbamazepine/2017/CPIC_HLA_CBZ_OXC.pdf\" target=\"_blank\">Clinical Pharmacogenetics Implementation Consortium (CPIC) Guideline for <em>HLA</em> Genotype and Use of Carbamazepine and Oxcarbazepine: 2017 Update</a></li>\n<li><a rel=\"noopener noreferrer\" href=\"https://cpicpgx.org/content/guideline/publication/carbamazepine/2017/CPIC_HLA_CBZ_OXC_Supplemental_Material.pdf\" target=\"_blank\">2017 supplement</a></li>\n<li><a href=\"https://www.pharmgkb.org/page/hlabRefMaterials\">HLA Gene-Specific Information Tables</a></li>\n<li><a rel=\"noopener noreferrer\" href=\"https://cpicpgx.org/content/guideline/publication/carbamazepine/Carbamazepine_Drug_Resource_Mappings.xlsx\" target=\"_blank\">Carbamazepine Drug Resource Mappings</a></li>\n<li><a rel=\"noopener noreferrer\" href=\"https://cpicpgx.org/content/guideline/publication/carbamazepine/CBZ_OXC_Pre_and_Post_Test_Alerts_and_Flow_Chart.xlsx\" target=\"_blank\">Carbamazepine and Oxcarbazepine Pre and Post Tests Alerts and Flow Chart</a></li>\n</ul>\n</li>\n</ul>\n<h3 id=\"table-1-carbamazepine-therapy-recommendations-based-on-hla-b-and-hla-a-genotype\">Table 1: Carbamazepine therapy recommendations based on <em>HLA-B</em> and <em>HLA-A</em> genotype</h3>\n<p><em>Adapted from Tables 1 and 2 of the 2017 guideline update.</em></p>\n<table class=\"table\">\n<thead>\n<tr><th>Likely phenotype</th><th>Genotypes</th><th>Examples of Diplotypes</th><th>Phenotypic Implications</th><th>Therapeutic Recommendations</th><th>Classification of Recommendation <sup>a</sup></th><th>Considerations for other aromatic anticonvulsants</th></tr>\n</thead>\n<tbody>\n<tr><td>Homozygous for alleles other than <em>HLA-B*15:02</em> and <em>HLA-A*31:01</em></td><td>Non-carrier of <em>HLA-B*15:02</em> or <em>HLA-A*31:01</em>.  No <em>HLA-B*15:02</em> or <em>HLA-A*31:01</em> alleles reported, often reported as &quot;negative&quot; on genotyping tests.</td><td>*X/*X <sup>b</sup><br/>*Y/*Y <sup>c</sup></td><td>Normal or reduced risk of carbamazepine-induced SJS/TEN, DRESS and MPE.</td><td>Use carbamazepine per standard dosing guidelines. <sup>d</sup></td><td>Strong</td><td></td></tr>\n<tr><td>Heterozygote or homozygous for <em>HLA-A*31:01</em> and homozygous for <em>HLA-B</em> alleles other than <em>*15:02</em></td><td>Carrier of <em>HLA-A*31:01</em>.  One or two <em>*31:01</em> alleles, often reported as &quot;positive&quot; on a genotyping test.<br/>Non-carrier of <em>HLA-B*15:02</em>.  No <em>HLA-B*15:02</em> alleles reported, often reported as &quot;negative&quot; on genotyping tests.</td><td>*X/*X <sup>b</sup><br/><em>*31:01</em>/*Y <sup>c</sup><br/><em>*31:01/*31:01</em></td><td>Increased risk of carbamazepine-induced SJS/TEN, DRESS and MPE</td><td>A. If patient is carbamazepine-naive and alternative agents are available, do not use carbamazepine.<br/>B. If patient is carbamazepine-naive and alternative agents are not available, consider the use of carbamazepine with increased frequency of clinical monitoring. Discontinue therapy at first evidence of a cutaneous adverse reaction.<br/>C. The latency period for cutaneous adverse drug reactions is variable depending on phenotype; however, all usually occur within 3 months of regular dosing. Therefore, if patient has previously used carbamazepine for longer than 3 months without incidence of cutaneous adverse reactions, cautiously consider use of carbamazepine.</td><td>A. Strong<br/>B. Optional<br/>C. Optional</td><td>A. Other aromatic anticonvulsants (e.g. eslicarbazepine, lamotrigine, phenytoin, fosphenytoin and phenoarbital) have very limited evidence, if any, linking SJS/TEN, DRESS and/or MPE with the _HLA-A*31:01 allele, and thus no recommendation can be made with respect to choosing another aromatic anticonvulsant as an alternative agent.<br/>C. Previous tolerance of carbamazepine is not indicative of tolerance to other aromatic anticonvulsants.</td></tr>\n<tr><td>Heterozygote or homozygous for <em>HLA-B*15:02</em> and any <em>HLA-A*31:01</em> genotype (or <em>HLA-A*31:01</em> genotype unknown)</td><td>Carrier of <em>HLA-B*15:02</em>.  One or two <em>*15:02</em> alleles, often reported as &quot;positive&quot; on a genotyping test.</td><td><em>*15:02</em>/*X <sup>b</sup><br/><em>*15:02</em>/<em>*15:02</em></td><td>Increased risk of carbamazepine-induced SJS/TEN</td><td>A. If patient is carbamazepine-naive, do not use carbamazepine.<br/>B. The latency period for drug-induced SJS/TEN is short with continuous dosing and adherance to therapy (~4-28 days), and cases usually occur within 3 months of dosing; therefore, if the patient has previously used carbamazepine consistently for longer than 3 months without incidence of cutaneous adverse reactions, cautiously consider use of carbamazepine in the future.</td><td>A. Strong<br/>B. Optional</td><td>A. Other aromatic anticonvulsants (e.g. eslicarbazepine, lamotrigine, phenytoin, fosphenytoin and phenoarbital) have weaker evidence linking SJS/TEN with the <em>HLA-B*15:02</em> allele; however, caution should still be used in choosing an alternative agent.<br/>B. Previous tolerance of carbamazepine is not indicative of tolerance to other aromatic anticonvulsants.</td></tr>\n</tbody>\n</table>\n<p><sup>a</sup> Rating scheme described in the 2017 update supplement (see above)</p>\n<p><sup>b</sup> *X = any <em>HLA-B</em> genotype other than <em>*15:02</em></p>\n<p><sup>c</sup> *Y = any <em>HLA-A</em> genotype other than <em>*31:01</em></p>\n<p><em>HLA-B</em> = human leukocyte antigen B</p>\n<p><em>HLA-A</em> = human leukocyte antigen A</p>\n<p><sup>d</sup> <em>HLA-B*15:02</em> has a 100% negative predictive value for carbamazepine-induced SJS/TEN, and its use is currently recommended to guide use of carbamazepine and oxcarbazepine only. Because there is a much weaker association and less than 100% negative predictive value of <em>HLA-B*15:02</em> for SJS/TEN associated with other aromatic anticonvulsants, using these drugs instead of carbamazepine or oxcarbazepine in the setting of a negative <em>HLA-B*15:02</em> test in Southeast Asians will not result in prevention of anticonvulsant-associated SJS/TEN.</p>\n<h3 id=\"september-2013\">September 2013</h3>\n<p><em>Accepted article preview online May 2013; Advance online publication June 2013.</em></p>\n<ul>\n<li>Guidelines regarding the use of pharmacogenomic tests in dosing for carbamazepine have been published in Clinical Pharmacology and Therapeutics by the Clinical Pharmacogenetics Implementation Consortium <a rel=\"noopener noreferrer\" href=\"https://cpicpgx.org/\" target=\"_blank\">(CPIC)</a>.</li>\n<li>Excerpt from the 2013 carbamazepine dosing guidelines:</li>\n</ul>\n<blockquote class=\"blockquote\">\n<p>Human leukocyte antigen B (<em>HLA-B</em>) is a gene that encodes a cell surface protein involved in presenting antigens to the immune system.  The variant allele <em>HLA-B*15:02</em> is associated with an increased risk of Stevens-Johnson Syndrome (SJS) and toxic epidermal necrolysis (TEN) in response to carbamazepine treatment.   We summarize evidence from the published literature supporting this association and provide recommendations for the use of carbamazepine based on <em>HLA-B</em> genotype.</p>\n</blockquote>\n<ul>\n<li>Download and read:\n<ul>\n<li><a rel=\"noopener noreferrer\" href=\"https://cpicpgx.org/content/guideline/publication/carbamazepine/2013/23695185.pdf\" target=\"_blank\">Clinical Pharmacogenetics Implementation Consortium Guidelines for <em>HLA-B</em> Genotype and Carbamazepine Dosing</a></li>\n<li><a rel=\"noopener noreferrer\" href=\"https://cpicpgx.org/content/guideline/publication/carbamazepine/2013/23695185-supplement.pdf\" target=\"_blank\">2013 supplement</a>.</li>\n</ul>\n</li>\n</ul>\n",
      "version" : 23
    },
    "userId" : "whaleyr",
    "version" : 46,
    "xrefs" : [ {"@id":"https://pharmgkb.org/crossReference/url/https://cpicpgx.org/guidelines/guideline-for-carbamazepine-and-hla-b/","@context":"https://api.pharmgkb.org/jsonld/crossReference.jsonld","id":1447983473,"resource":"URL","resourceId":"https://cpicpgx.org/guidelines/guideline-for-carbamazepine-and-hla-b/","_url":"https://cpicpgx.org/guidelines/guideline-for-carbamazepine-and-hla-b/"} ]
  }
}