{
  "citations" : [ {
    "@id" : "https://pharmgkb.org/literature/15051187",
    "@context" : "https://api.pharmgkb.org/jsonld/literature.jsonld",
    "id" : 15051187,
    "resourceId" : "23422873",
    "title" : "Clinical pharmacogenetics implementation consortium guidelines for thiopurine methyltransferase genotype and thiopurine dosing: 2013 update.",
    "_sameAs" : "https://www.ncbi.nlm.nih.gov/pmc/articles/PMC3604643",
    "authors" : [ "Relling M V", "Gardner E E", "Sandborn W J", "Schmiegelow K", "Pui C-H", "Yee S W", "Stein C M", "Carrillo M", "Evans W E", "Hicks J K", "Schwab M", "Klein T E", "Clinical Pharmacogenetics Implementation Consortium" ],
    "hasKeyword" : true,
    "journal" : "Clinical pharmacology and therapeutics",
    "meshDiseases" : [ ],
    "meshTerms" : [ "Antimetabolites", "Azathioprine", "Genotype", "Humans", "Mercaptopurine", "Methyltransferases" ],
    "month" : 4,
    "nonHuman" : false,
    "objCls" : "Literature",
    "page" : "324-5",
    "pgkbPublication" : true,
    "pubDate" : "2013-04-01T00:00:00-07:00",
    "type" : "Article",
    "version" : 5,
    "volume" : "93",
    "xrefs" : [ {"@id":"https://pharmgkb.org/crossReference/pmc/PMC3604643","@context":"https://api.pharmgkb.org/jsonld/crossReference.jsonld","id":1449275272,"resource":"PubMed Central","resourceId":"PMC3604643","_url":"https://www.ncbi.nlm.nih.gov/pmc/articles/PMC3604643"}, {"@id":"https://pharmgkb.org/crossReference/pubMed/23422873","@context":"https://api.pharmgkb.org/jsonld/crossReference.jsonld","id":1449275271,"resource":"PubMed","resourceId":"23422873","_url":"https://www.ncbi.nlm.nih.gov/pubmed/23422873"}, {"@id":"https://pharmgkb.org/crossReference/doi/10.1038/clpt.2013.4","@context":"https://api.pharmgkb.org/jsonld/crossReference.jsonld","id":1449275273,"resource":"DOI","resourceId":"10.1038/clpt.2013.4","_url":"http://dx.doi.org/10.1038%2Fclpt.2013.4"} ],
    "year" : 2013
  }, {
    "@id" : "https://pharmgkb.org/literature/6690400",
    "@context" : "https://api.pharmgkb.org/jsonld/literature.jsonld",
    "id" : 6690400,
    "resourceId" : "21270794",
    "title" : "Clinical Pharmacogenetics Implementation Consortium guidelines for thiopurine methyltransferase genotype and thiopurine dosing.",
    "_sameAs" : "https://www.ncbi.nlm.nih.gov/pmc/articles/PMC3098761",
    "authors" : [ "Relling M V", "Gardner E E", "Sandborn W J", "Schmiegelow K", "Pui C-H", "Yee S W", "Stein C M", "Carrillo M", "Evans W E", "Klein T E", "Clinical Pharmacogenetics Implementation Consortium" ],
    "hasKeyword" : true,
    "journal" : "Clinical pharmacology and therapeutics",
    "meshDiseases" : [ ],
    "meshTerms" : [ "Antimetabolites, Antineoplastic", "Azathioprine", "Dose-Response Relationship, Drug", "Genotype", "Humans", "Immunosuppressive Agents", "Mercaptopurine", "Methyltransferases", "Thioguanine" ],
    "month" : 3,
    "nonHuman" : false,
    "objCls" : "Literature",
    "page" : "387-91",
    "pgkbPublication" : true,
    "pubDate" : "2011-03-01T00:00:00-08:00",
    "summary" : "Thiopurine methyltransferase (TPMT) activity exhibits monogenic co-dominant inheritance, with ethnic differences in the frequency of occurrence of variant alleles. With conventional thiopurine doses, homozygous TPMT-deficient patients (~1 in 178 to 1 in 3,736 individuals with two nonfunctional TPMT alleles) experience severe myelosuppression, 30-60% of individuals who are heterozygotes (~3-14% of the population) show moderate toxicity, and homozygous wild-type individuals (~86-97% of the population) show lower active thioguanine nucleolides and less myelosuppression. We provide dosing recommendations (updates at http://www.pharmgkb.org) for azathioprine, mercaptopurine (MP), and thioguanine based on TPMT genotype.",
    "type" : "Article",
    "version" : 5,
    "volume" : "89",
    "xrefs" : [ {"@id":"https://pharmgkb.org/crossReference/pmc/PMC3098761","@context":"https://api.pharmgkb.org/jsonld/crossReference.jsonld","id":1449245874,"resource":"PubMed Central","resourceId":"PMC3098761","_url":"https://www.ncbi.nlm.nih.gov/pmc/articles/PMC3098761"}, {"@id":"https://pharmgkb.org/crossReference/pubMed/21270794","@context":"https://api.pharmgkb.org/jsonld/crossReference.jsonld","id":769164748,"resource":"PubMed","resourceId":"21270794","_url":"https://www.ncbi.nlm.nih.gov/pubmed/21270794"}, {"@id":"https://pharmgkb.org/crossReference/doi/10.1038/clpt.2010.320","@context":"https://api.pharmgkb.org/jsonld/crossReference.jsonld","id":1449245875,"resource":"DOI","resourceId":"10.1038/clpt.2010.320","_url":"http://dx.doi.org/10.1038%2Fclpt.2010.320"} ],
    "year" : 2011
  } ],
  "guideline" : {
    "@id" : "https://pharmgkb.org/guidelineAnnotation/PA166104933",
    "@context" : "https://api.pharmgkb.org/jsonld/guidelineAnnotation.jsonld",
    "objCls" : "Guideline Annotation",
    "id" : "PA166104933",
    "name" : "Annotation of CPIC Guideline for azathioprine and NUDT15,TPMT",
    "cancerGenome" : false,
    "guidelineGenes" : [ ],
    "history" : [ {
      "id" : 1183699765,
      "date" : "2011-01-26T00:00:00-08:00",
      "type" : "Create",
      "version" : 0
    }, {
      "id" : 1183699766,
      "date" : "2013-01-17T00:00:00-08:00",
      "type" : "Update",
      "version" : 0
    }, {
      "id" : 1447986815,
      "date" : "2016-05-10T21:43:52.524-07:00",
      "description" : "Update guideline with information regarding the NUDT15 gene.",
      "type" : "Update",
      "version" : 0
    }, {
      "id" : 1449717122,
      "date" : "2018-08-23T17:58:20.515-07:00",
      "description" : "Updated video link",
      "type" : "Update",
      "version" : 0
    } ],
    "literature" : [ {"@id":"https://pharmgkb.org/literature/15101542","@context":"https://api.pharmgkb.org/jsonld/literature.jsonld","id":15101542,"resourceId":"30447069","title":"Clinical Pharmacogenetics Implementation Consortium (CPIC) guideline for thiopurine dosing based on TPMT and NUDT15 genotypes: 2018 update.","_sameAs":"https://www.ncbi.nlm.nih.gov/pubmed/30447069","objCls":"Literature","type":"Article","xrefs":[{"@id":"https://pharmgkb.org/crossReference/pubMed/30447069","@context":"https://api.pharmgkb.org/jsonld/crossReference.jsonld","id":1450043138,"resource":"PubMed","resourceId":"30447069","_url":"https://www.ncbi.nlm.nih.gov/pubmed/30447069"},{"@id":"https://pharmgkb.org/crossReference/doi/10.1002/cpt.1304","@context":"https://api.pharmgkb.org/jsonld/crossReference.jsonld","id":1450043139,"resource":"DOI","resourceId":"10.1002/cpt.1304","_url":"http://dx.doi.org/10.1002%2Fcpt.1304"}]}, {"@id":"https://pharmgkb.org/literature/15051187","@context":"https://api.pharmgkb.org/jsonld/literature.jsonld","id":15051187,"resourceId":"23422873","title":"Clinical pharmacogenetics implementation consortium guidelines for thiopurine methyltransferase genotype and thiopurine dosing: 2013 update.","_sameAs":"https://www.ncbi.nlm.nih.gov/pmc/articles/PMC3604643","objCls":"Literature","type":"Article","xrefs":[{"@id":"https://pharmgkb.org/crossReference/pmc/PMC3604643","@context":"https://api.pharmgkb.org/jsonld/crossReference.jsonld","id":1449275272,"resource":"PubMed Central","resourceId":"PMC3604643","_url":"https://www.ncbi.nlm.nih.gov/pmc/articles/PMC3604643"},{"@id":"https://pharmgkb.org/crossReference/pubMed/23422873","@context":"https://api.pharmgkb.org/jsonld/crossReference.jsonld","id":1449275271,"resource":"PubMed","resourceId":"23422873","_url":"https://www.ncbi.nlm.nih.gov/pubmed/23422873"},{"@id":"https://pharmgkb.org/crossReference/doi/10.1038/clpt.2013.4","@context":"https://api.pharmgkb.org/jsonld/crossReference.jsonld","id":1449275273,"resource":"DOI","resourceId":"10.1038/clpt.2013.4","_url":"http://dx.doi.org/10.1038%2Fclpt.2013.4"}]}, {"@id":"https://pharmgkb.org/literature/6690400","@context":"https://api.pharmgkb.org/jsonld/literature.jsonld","id":6690400,"resourceId":"21270794","title":"Clinical Pharmacogenetics Implementation Consortium guidelines for thiopurine methyltransferase genotype and thiopurine dosing.","_sameAs":"https://www.ncbi.nlm.nih.gov/pmc/articles/PMC3098761","objCls":"Literature","type":"Article","xrefs":[{"@id":"https://pharmgkb.org/crossReference/pmc/PMC3098761","@context":"https://api.pharmgkb.org/jsonld/crossReference.jsonld","id":1449245874,"resource":"PubMed Central","resourceId":"PMC3098761","_url":"https://www.ncbi.nlm.nih.gov/pmc/articles/PMC3098761"},{"@id":"https://pharmgkb.org/crossReference/pubMed/21270794","@context":"https://api.pharmgkb.org/jsonld/crossReference.jsonld","id":769164748,"resource":"PubMed","resourceId":"21270794","_url":"https://www.ncbi.nlm.nih.gov/pubmed/21270794"},{"@id":"https://pharmgkb.org/crossReference/doi/10.1038/clpt.2010.320","@context":"https://api.pharmgkb.org/jsonld/crossReference.jsonld","id":1449245875,"resource":"DOI","resourceId":"10.1038/clpt.2010.320","_url":"http://dx.doi.org/10.1038%2Fclpt.2010.320"}]}, {"@id":"https://pharmgkb.org/literature/15100906","@context":"https://api.pharmgkb.org/jsonld/literature.jsonld","id":15100906,"resourceId":"https://cpicpgx.org/guidelines/guideline-for-thiopurines-and-tpmt/","title":"CPIC® Guideline for Thiopurines and TPMT – CPIC","_sameAs":"https://cpicpgx.org/guidelines/guideline-for-thiopurines-and-tpmt/","objCls":"Literature","type":"Web Page","xrefs":[{"@id":"https://pharmgkb.org/crossReference/url/https://cpicpgx.org/guidelines/guideline-for-thiopurines-and-tpmt/","@context":"https://api.pharmgkb.org/jsonld/crossReference.jsonld","id":1447983453,"resource":"URL","resourceId":"https://cpicpgx.org/guidelines/guideline-for-thiopurines-and-tpmt/","_url":"https://cpicpgx.org/guidelines/guideline-for-thiopurines-and-tpmt/"}]} ],
    "recommendation" : true,
    "relatedAlleles" : [ ],
    "relatedChemicals" : [ {
      "@id" : "https://pharmgkb.org/chemical/PA448515",
      "@context" : "https://api.pharmgkb.org/jsonld/chemical.jsonld",
      "objCls" : "Chemical",
      "id" : "PA448515",
      "name" : "azathioprine",
      "version" : 24
    } ],
    "relatedGenes" : [ {
      "@id" : "https://pharmgkb.org/gene/PA134963132",
      "@context" : "https://api.pharmgkb.org/jsonld/gene.jsonld",
      "objCls" : "Gene",
      "id" : "PA134963132",
      "symbol" : "NUDT15",
      "name" : "nudix hydrolase 15",
      "version" : 7
    }, {
      "@id" : "https://pharmgkb.org/gene/PA356",
      "@context" : "https://api.pharmgkb.org/jsonld/gene.jsonld",
      "objCls" : "Gene",
      "id" : "PA356",
      "symbol" : "TPMT",
      "name" : "thiopurine S-methyltransferase",
      "version" : 7543
    } ],
    "source" : "Clinical Pharmacogenetics Implementation Consortium",
    "summaryMarkdown" : {
      "id" : 1449753103,
      "html" : "<p>Consider an alternate agent or extreme dose reduction of azathioprine for patients who are TPMT or NUDT15 poor metabolizers.  Start at 30-80% of target dose for patients who are TPMT or NUDT15 intermediate metabolizers.</p>\n",
      "version" : 0
    },
    "terms" : [ {"@id":"https://pharmgkb.org/ontologyTerm/cpicStatus/cpicStatus:1183847844","@context":"https://api.pharmgkb.org/jsonld/ontologyTerm.jsonld","id":1183847844,"resource":"CPIC Status","term":"A","termId":"cpicStatus:1183847844"} ],
    "textMarkdown" : {
      "id" : 1450044397,
      "html" : "<p>This annotation is based on the <a rel=\"noopener noreferrer\" href=\"https://cpicpgx.org/guidelines/guideline-for-thiopurines-and-tpmt/\" target=\"_blank\">CPIC&reg; guideline for thiopurines and TPMT and NUDT15</a>.</p>\n<h3 id=\"october-2018-update\">October 2018 Update</h3>\n<p><em>Advance online publication November 2018.</em></p>\n<ul>\n<li>The <a rel=\"noopener noreferrer\" href=\"https://ascpt.onlinelibrary.wiley.com/doi/abs/10.1002/cpt.1304?af=R\" target=\"_blank\">2018 update of CPIC guidelines regarding azathioprine, thioguanine and mercaptopurine</a>, have been published in Clinical Pharmacology and Therapeutics.  Literature published between October 2012 to June 2017 was reviewed, recommendations and supplemental information was updated.</li>\n<li>These guidelines are applicable to:\n<ul>\n<li>pediatric patients</li>\n<li>adult patients</li>\n</ul>\n</li>\n<li>Excerpt from the 2018 thiopurine dosing guideline update:\n<ul>\n<li>&quot;TPMT activity exhibits a monogenic co-dominant inheritance and catabolizes\nthiopurines. TPMT variant alleles are associated with low enzyme activity and pronounced pharmacologic effects of thiopurines.&quot;</li>\n<li>&quot;Loss-of-function alleles in the NUDT15 gene are common in Asians and Hispanics and reduces the degradation of active thiopurine nucleotide metabolites, also predisposing to myelosuppression.&quot;</li>\n</ul>\n</li>\n<li>Download and read:\n<ul>\n<li><a rel=\"noopener noreferrer\" href=\"https://cpicpgx.org/content/guideline/publication/thiopurines/2018/CPIC_TPMT_NUDT15_Thiopurine_Submitted.pdf\" target=\"_blank\">Clinical Pharmacogenetics Implementation Consortium (CPIC) guideline for thiopurine dosing based on <em>TPMT</em> and <em>NUDT15</em> genotypes: 2018 Update</a></li>\n<li><a rel=\"noopener noreferrer\" href=\"https://cpicpgx.org/content/guideline/publication/thiopurines/2018/CPIC_TPMT_NUDT15_Thiopurine_Supplemental_Material.pdf\" target=\"_blank\">2018 supplement</a></li>\n<li><a href=\"https://www.pharmgkb.org/page/tpmtRefMaterials\">TPMT Gene-Specific Information Tables</a></li>\n<li><a href=\"https://www.pharmgkb.org/page/nudt15RefMaterials\">NUDT15 Gene-Specific Information Tables</a></li>\n<li><a rel=\"noopener noreferrer\" href=\"https://cpicpgx.org/content/guideline/publication/thiopurines/Azathioprine_Drug_Resource_Mappings.xlsx\" target=\"_blank\">Azathioprine Drug Resource Mappings</a></li>\n<li><a rel=\"noopener noreferrer\" href=\"https://cpicpgx.org/content/guideline/publication/thiopurines/Thiopurines_Pre_and_Post_Test_Alerts_and_Flow_Chart.xlsx\" target=\"_blank\">Thiopurines Pre and Post Test Alerts and Flow Chart</a></li>\n</ul>\n</li>\n</ul>\n<h3 id=\"table-1-recommended-dosing-of-azathioprine-by-tpmt-phenotype\">Table 1: Recommended dosing of azathioprine by TPMT phenotype</h3>\n<p><em>Adapted from Tables 1 and 2 of the 2018 guideline update.</em></p>\n<table class=\"table\">\n<thead>\n<tr><th>TPMT phenotype</th><th>Genotypes</th><th>Examples of diplotypes</th><th>Implications</th><th>Dosing recommendations</th><th>Classification of recommendations</th></tr>\n</thead>\n<tbody>\n<tr><td>Normal Metabolizer</td><td>An individual carrying two normal function alleles</td><td>*1/*1</td><td>Lower concentrations of TGN metabolites, higher meTIMP, this is the &quot;normal&quot; pattern.  Normal risk of thiopurine-related leukopenia, neutropenia, myelosuppression.</td><td>Start with normal starting dose<sup>a</sup> (e.g., 2-3 mg/kg/day) and adjust doses of azathioprine based on disease-specific guidelines. Allow 2 weeks to reach steady state after each dose adjustment.</td><td>Strong</td></tr>\n<tr><td>Intermediate Metabolizer</td><td>An individual carrying one normal function allele and one no function allele</td><td>*1/*2, *1/*3A, *1/*3B, *1/*3C, *1/*4</td><td>Moderate to high concentrations of TGN metabolites; low concentrations of meTIMP. Increased risk of thiopurine-related leukopenia, neutropenia, myelosuppression.</td><td>Start with reduced starting doses (30-80% of normal dose) if normal starting dose<sup>a</sup> is 2-3 mg/kg/day, (e.g. 0.6-2.4 mg/kg/day), and adjust doses of azathioprine based on degree of myelosuppression and disease-specific guidelines.  Allow 2-4 weeks to reach steady-state after each dose adjustment.</td><td>Strong</td></tr>\n<tr><td>Possible Intermediate Metabolizer</td><td>An individual carrying one uncertain/unknown function allele and one no function allele</td><td>*2/*8, *3A/*7</td><td>Moderate to high concentrations of TGN metabolites; low concentrations of meTIMP. Increased risk of thiopurine-related leukopenia, neutropenia, myelosuppression.</td><td>Start with reduced starting doses (30-80% of normal dose) if normal starting dose<sup>a</sup> is 2-3 mg/kg/day, (e.g. 0.6-2.4 mg/kg/day), and adjust doses of azathioprine based on degree of myelosuppression and disease-specific guidelines.  Allow 2-4 weeks to reach steady-state after each dose adjustment.</td><td>Strong</td></tr>\n<tr><td>Poor Metabolizer</td><td>An individual carrying two no function alleles</td><td>*3A/*3A, *2/*3A, *3A/*3C, *3C/*4, *2/*3C, *3A/*4</td><td>Extremely high concentrations of TGN metabolites; fatal toxicity possible without dose decrease; no meTIMP metabolites</td><td>For non-malignant conditions, consider alternative non-thiopurine immunosuppressant therapy.  For malignancy, start with drastically reduced doses (reduce daily dose<sup>a</sup> by 10-fold and dose thrice weekly instead of daily) and adjust doses of azathioprine based on degree of myelosuppression and disease-specific guidelines  Allow 4-6 weeks to reach steady-state after each dose adjustment.</td><td>Strong</td></tr>\n<tr><td>Indeterminate</td><td>An individual carrying two uncertain/unknown function alleles OR one normal function allele and one uncertain/unknown function allele</td><td>*6/*8, *1/*8</td><td>None</td><td>None</td><td>None</td></tr>\n</tbody>\n</table>\n<p><sup>a</sup>Normal starting doses vary by race/ethnicity and treatment regimens.  If standard dose is below normal recommended dose, dose reduction might not be recommended for intermediate metabolizers.</p>\n<h3 id=\"table-2-recommended-dosing-of-azathioprine-by-nudt15-phenotype\">Table 2: Recommended dosing of azathioprine by NUDT15 phenotype</h3>\n<p><em>Adapted from Tables 1 and 2 of the 2018 guideline update.</em></p>\n<table class=\"table\">\n<thead>\n<tr><th>NUDT15 phenotype</th><th>Genotypes</th><th>Examples of diplotypes</th><th>Implications</th><th>Dosing recommendations</th><th>Classification of recommendations</th></tr>\n</thead>\n<tbody>\n<tr><td>Normal Metabolizer</td><td>An individual carrying two normal function alleles</td><td>*1/*1</td><td>Normal risk of thiopurine-related leukopenia, neutropenia, myelosuppression</td><td>Start with normal starting dose<sup>a</sup> (e.g., 2-3 mg/kg/day) and adjust doses of azathioprine based on disease-specific guidelines. Allow 2 weeks to reach steady state after each dose adjustment.</td><td>Strong</td></tr>\n<tr><td>Intermediate Metabolizer</td><td>An individual carrying one normal function allele and one no function allele</td><td>*1/*2, *1/*3</td><td>Increased risk of thiopurine-related leukopenia, neutropenia, myelosuppression.</td><td>Start with reduced starting doses (30-80% of normal dose) if normal starting dose<sup>a</sup> is 2-3 mg/kg/day, (e.g. 0.6-2.4 mg/kg/day), and adjust doses of azathioprine based on degree of myelosuppression and disease-specific guidelines.  Allow 2-4 weeks to reach steady-state after each dose adjustment.</td><td>Strong</td></tr>\n<tr><td>Possible Intermediate Metabolizer</td><td>An individual carrying one uncertain function allele and one no function allele</td><td>*2/*5, *3/*6</td><td>Increased risk of thiopurine-related leukopenia, neutropenia, myelosuppression.</td><td>Start with reduced starting doses (30-80% of normal dose) if normal starting dose<sup>a</sup> is 2-3 mg/kg/day, (e.g. 0.6-2.4 mg/kg/day), and adjust doses of azathioprine based on degree of myelosuppression and disease-specific guidelines.  Allow 2-4 weeks to reach steady-state after each dose adjustment.</td><td>Strong</td></tr>\n<tr><td>Poor Metabolizer</td><td>An individual carrying two no function alleles</td><td>*2/*2, *2/*3, *3/*3</td><td>Greatly increased risk of thiopurine-related leukopenia, neutropenia, myelosuppression</td><td>For non-malignant conditions, consider alternative non-thiopurine immunosuppressant therapy. For malignant conditions, start with drastically reduced normal daily doses<sup>a</sup> (reduce dose by 10-fold) and adjust doses of azathioprine based on degree of myelosuppression and disease-specific guidelines.  Allow 4-6 weeks to reach steady-state after each dose adjustment.</td><td>Strong</td></tr>\n<tr><td>Indeterminate</td><td>An individual carrying two uncertain function alleles OR one normal function allele and one uncertain function allele</td><td>*1/*4, *1/*5, *4/*5, *5/*6</td><td>None</td><td>None</td><td>None</td></tr>\n</tbody>\n</table>\n<p><sup>a</sup>Normal starting doses vary by race/ethnicity and treatment regimens.  If standard dose is below normal recommended dose, dose reduction might not be recommended for intermediate metabolizers.</p>\n<h3 id=\"table-3-recommended-dosing-of-azathioprine-by-tpmt-and-nudt15-phenotypes\">Table 3: Recommended dosing of azathioprine by TPMT and NUDT15 phenotypes</h3>\n<p><em>Adapted from Figure 2 and Table 2 of the 2018 guideline update.</em></p>\n<table class=\"table\">\n<thead>\n<tr><th>Phenotype</th><th>TPMT Normal Metabolizer</th><th>TPMT Intermediate Metabolizer</th><th>TPMT Possible Intermediate Metabolizer</th><th>TPMT Poor Metabolizer</th><th>Indeterminate</th></tr>\n</thead>\n<tbody>\n<tr><td>NUDT 15 Normal Metabolizer</td><td>Use standard dose</td><td>Start with reduced starting doses (30-80% of normal dose) if normal starting dose<sup>a</sup> is 2-3 mg/kg/day, (e.g. 0.6-2.4 mg/kg/day), and adjust doses of azathioprine based on degree of myelosuppression and disease-specific guidelines.  Allow 2-4 weeks to reach steady-state after each dose adjustment.</td><td>See TPMT Intermediate Metabolizer.</td><td>For non-malignant conditions, consider alternative non-thiopurine immunosuppressant therapy.  For malignancy, start with drastically reduced doses (reduce daily dose<sup>a</sup> by 10-fold and dose thrice weekly instead of daily) and adjust doses of azathioprine based on degree of myelosuppression and disease-specific guidelines  Allow 4-6 weeks to reach steady-state after each dose adjustment.</td><td>None</td></tr>\n<tr><td>NUDT15 Intermediate Metabolizer</td><td>Start with reduced starting doses (30-80% of normal dose) if normal starting dose<sup>a</sup> is 2-3 mg/kg/day, (e.g. 0.6-2.4 mg/kg/day), and adjust doses of azathioprine based on degree of myelosuppression and disease-specific guidelines.  Allow 2-4 weeks to reach steady-state after each dose adjustment.</td><td>Start with reduced starting doses (30-80% of normal dose) if normal starting dose<sup>a</sup> is 2-3 mg/kg/day, (e.g. 0.6-2.4 mg/kg/day), and adjust doses of azathioprine based on degree of myelosuppression and disease-specific guidelines.  Allow 2-4 weeks to reach steady-state after each dose adjustment.</td><td>See TPMT Intermediate Metabolizer.</td><td>For non-malignant conditions, consider alternative non-thiopurine immunosuppressant therapy.  For malignancy, start with drastically reduced doses (reduce daily dose<sup>a</sup> by 10-fold and dose thrice weekly instead of daily) and adjust doses of azathioprine based on degree of myelosuppression and disease-specific guidelines  Allow 4-6 weeks to reach steady-state after each dose adjustment.</td><td>None</td></tr>\n<tr><td>NUDT15 Possible Intermediate Metabolizer</td><td>See NUDT15 Intermediate Metabolizer.</td><td>See NUDT15 Intermediate Metabolizer.</td><td>See TPMT Intermediate Metabolizer/NUDT15 Intermediate Metabolizer.</td><td>See NUDT15 Intermediate Metabolizer.</td><td>None</td></tr>\n<tr><td>NUDT15 Poor  Metabolizer</td><td>For non-malignant conditions, consider alternative non-thiopurine immunosuppressant therapy. For malignant conditions, start with drastically reduced normal daily doses<sup>a</sup> (reduce dose by 10-fold) and adjust doses of azathioprine based on degree of myelosuppression and disease-specific guidelines.  Allow 4-6 weeks to reach steady-state after each dose adjustment.</td><td>For non-malignant conditions, consider alternative non-thiopurine immunosuppressant therapy. For malignant conditions, start with drastically reduced normal daily doses<sup>a</sup> (reduce dose by 10-fold) and adjust doses of azathioprine based on degree of myelosuppression and disease-specific guidelines.  Allow 4-6 weeks to reach steady-state after each dose adjustment.</td><td>See TPMT Intermediate Metabolizer.</td><td>For non-malignant conditions, consider alternative non-thiopurine immunosuppressant therapy.  For malignancy, start with drastically reduced doses (reduce daily dose<sup>a</sup> by 10-fold and dose thrice weekly instead of daily) and adjust doses of azathioprine based on degree of myelosuppression and disease-specific guidelines  Allow 4-6 weeks to reach steady-state after each dose adjustment.</td><td>None</td></tr>\n<tr><td>NUDT15 Indeterminate</td><td>None</td><td>None</td><td>None</td><td>None</td><td>None</td></tr>\n</tbody>\n</table>\n<p><sup>a</sup>Normal starting doses vary by race/ethnicity and treatment regimens.  If standard dose is below normal recommended dose, dose reduction might not be recommended for intermediate metabolizers.</p>\n<h3 id=\"may-2016-update-on-pharmgkb\">May 2016 Update on PharmGKB</h3>\n<p>Several studies have reported that individuals who carry low-function alleles for NUDT15 are unable to tolerate usual doses of thiopurines. [Articles:<a href=\"/pmid/25108385\">25108385</a>, <a href=\"/pmid/25624441\">25624441</a>, <a href=\"/pmid/26033531\">26033531</a>, <a href=\"/pmid/26076924\">26076924</a>, <a href=\"/pmid/26405151\">26405151</a>, <a href=\"/pmid/26503813\">26503813</a>, <a href=\"/pmid/26590936\">26590936</a>, <a href=\"/pmid/26735160\">26735160</a>, <a href=\"/pmid/26878724\">26878724</a>] These alleles are more common among those of Asian ancestry and Hispanic ethnicity than others. [Articles:<a href=\"/pmid/25624441\">25624441</a>, <a href=\"/pmid/26878724\">26878724</a>] The dose tolerated by those with two low-function alleles is only ~ 10% that tolerated by those with no low-function NUDT15 or TPMT alleles. [Articles:<a href=\"/pmid/25624441\">25624441</a>, <a href=\"/pmid/26878724\">26878724</a>] CPIC is planning a guideline to address NUDT15 variants and possible dosing recommendations for thiopurines.</p>\n<h3 id=\"april-2013-update\">April 2013 Update</h3>\n<p><em>Advance online publication January 2013.</em></p>\n<ul>\n<li>The <a rel=\"noopener noreferrer\" href=\"http://www.nature.com/clpt/journal/vaop/naam/index.html#17012013\" target=\"_blank\">2013 update of CPIC guidelines regarding azathioprine, thioguanine and mercaptopurine</a>, have been published in Clinical Pharmacology and Therapeutics.  Literature published between June 2010-November 2012 was reviewed and there is <strong>no new evidence that would change the original guidelines. Therefore, the dosing recommendations in the original publication remain clinically current.</strong></li>\n<li>These guidelines are applicable to:\n<ul>\n<li>pediatric patients</li>\n<li>adult patients</li>\n</ul>\n</li>\n<li>Download and read:\n<ul>\n<li><a rel=\"noopener noreferrer\" href=\"https://cpicpgx.org/content/guideline/publication/thiopurines/2013/23422873.pdf\" target=\"_blank\">Clinical Pharmacogenetics Implementation Consortium Guidelines for Thiopurine Methyltransferase Genotype and Thiopurine Dosing: 2013 Update</a></li>\n<li><a rel=\"noopener noreferrer\" href=\"https://cpicpgx.org/content/guideline/publication/thiopurines/2013/23422873-supplement.pdf\" target=\"_blank\">2013 supplement</a></li>\n</ul>\n</li>\n</ul>\n<h3 id=\"march-2011\">March 2011</h3>\n<p><em>Advance online publication January 2011.</em></p>\n<ul>\n<li>Guidelines regarding the use of pharmacogenomic tests in dosing for azathioprine, thioguanine and mercaptopurine were published in Clinical Pharmacology and Therapeutics by the Clinical Pharmacogenetics Implementation Consortium <a rel=\"noopener noreferrer\" href=\"https://cpicpgx.org/\" target=\"_blank\">(CPIC)</a>.</li>\n<li>Excerpt from the 2011 thiopurine dosing guidelines:\n<ul>\n<li>&quot;Thiopurines are most commonly used to treat nonmalignant conditions but are also critical anticancer agents. The approach to dosing adjustments based on TPMT status may differ depending on the clinical indication and the propensity to initiate therapy at higher vs. lower starting doses. We and others advocate testing for TPMT status prior to initiating thiopurine therapy, so that starting dosages can be adjusted accordingly.&quot;</li>\n</ul>\n</li>\n<li>Download and read:\n<ul>\n<li><a rel=\"noopener noreferrer\" href=\"https://cpicpgx.org/content/guideline/publication/thiopurines/2011/21270794.pdf\" target=\"_blank\">Clinical Pharmacogenetics Implementation Consortium Guidelines for Thiopurine Methyltransferase Genotype and Thiopurine Dosing</a></li>\n<li><a rel=\"noopener noreferrer\" href=\"https://cpicpgx.org/content/guideline/publication/thiopurines/2011/21270794-supplement.pdf\" target=\"_blank\">2011 supplement</a></li>\n</ul>\n</li>\n</ul>\n",
      "version" : 0
    },
    "userId" : "68efc88f702342198eb4abf8d780c6e9",
    "version" : 47,
    "xrefs" : [ {"@id":"https://pharmgkb.org/crossReference/url/https://cpicpgx.org/guidelines/guideline-for-thiopurines-and-tpmt/","@context":"https://api.pharmgkb.org/jsonld/crossReference.jsonld","id":1447983453,"resource":"URL","resourceId":"https://cpicpgx.org/guidelines/guideline-for-thiopurines-and-tpmt/","_url":"https://cpicpgx.org/guidelines/guideline-for-thiopurines-and-tpmt/"} ]
  }
}