{
  "citations" : [ {
    "@id" : "https://pharmgkb.org/literature/15098243",
    "@context" : "https://api.pharmgkb.org/jsonld/literature.jsonld",
    "id" : 15098243,
    "resourceId" : "27981572",
    "title" : "Clinical Pharmacogenetics Implementation Consortium (CPIC) Guidelines for CYP2C19 and Voriconazole Therapy.",
    "_sameAs" : "https://www.ncbi.nlm.nih.gov/pmc/articles/PMC5474211",
    "authors" : [ "Moriyama B", "Obeng A Owusu", "Barbarino J", "Penzak S R", "Henning S A", "Scott S A", "Agúndez Jag", "Wingard J R", "McLeod H L", "Klein T E", "Cross S J", "Caudle K E", "Walsh T J" ],
    "hasKeyword" : true,
    "journal" : "Clinical pharmacology and therapeutics",
    "meshDiseases" : [ ],
    "meshTerms" : [ ],
    "month" : 12,
    "nonHuman" : false,
    "objCls" : "Literature",
    "pgkbPublication" : true,
    "pubDate" : "2016-12-01T00:00:00-08:00",
    "summary" : "Voriconazole, a triazole antifungal agent, demonstrates wide interpatient variability in serum concentrations, due in part to variant CYP2C19 alleles. Individuals who are CYP2C19 ultrarapid metabolizers have decreased trough voriconazole concentrations, delaying achievement of target blood concentrations; whereas poor metabolizers have increased trough concentrations and are at increased risk of adverse drug events. We summarize evidence from the literature supporting this association and provide therapeutic recommendations for the use of voriconazole for treatment based on CYP2C19 genotype (updates at https://cpicpgx.org/guidelines/ and www.pharmgkb.org).",
    "type" : "Article",
    "version" : 4,
    "xrefs" : [ {"@id":"https://pharmgkb.org/crossReference/pmc/PMC5474211","@context":"https://api.pharmgkb.org/jsonld/crossReference.jsonld","id":1449293324,"resource":"PubMed Central","resourceId":"PMC5474211","_url":"https://www.ncbi.nlm.nih.gov/pmc/articles/PMC5474211"}, {"@id":"https://pharmgkb.org/crossReference/pubMed/27981572","@context":"https://api.pharmgkb.org/jsonld/crossReference.jsonld","id":1449293323,"resource":"PubMed","resourceId":"27981572","_url":"https://www.ncbi.nlm.nih.gov/pubmed/27981572"}, {"@id":"https://pharmgkb.org/crossReference/doi/10.1002/cpt.583","@context":"https://api.pharmgkb.org/jsonld/crossReference.jsonld","id":1449293325,"resource":"DOI","resourceId":"10.1002/cpt.583","_url":"http://dx.doi.org/10.1002%2Fcpt.583"} ],
    "year" : 2016
  } ],
  "guideline" : {
    "@id" : "https://pharmgkb.org/guidelineAnnotation/PA166161537",
    "@context" : "https://api.pharmgkb.org/jsonld/guidelineAnnotation.jsonld",
    "objCls" : "Guideline Annotation",
    "id" : "PA166161537",
    "name" : "Annotation of CPIC Guideline for voriconazole and CYP2C19",
    "cancerGenome" : false,
    "descriptiveVideoId" : "U1PKEF6M9oM",
    "guidelineGenes" : [ {
      "id" : 1449562677,
      "alleles" : [ {
        "id" : 1449562678,
        "_label" : "*1",
        "function" : {
          "@id" : "https://pharmgkb.org/ontologyTerm/alleleFunction/haplotypeTags:1445558335",
          "@context" : "https://api.pharmgkb.org/jsonld/ontologyTerm.jsonld",
          "id" : 1445558335,
          "parents" : [ ],
          "resource" : "Allele Function",
          "term" : "Normal function",
          "termId" : "haplotypeTags:1445558335",
          "version" : 1
        },
        "haplotype" : {
          "@id" : "https://pharmgkb.org/haplotype/PA165980634",
          "@context" : "https://api.pharmgkb.org/jsonld/haplotype.jsonld",
          "objCls" : "Haplotype",
          "id" : "PA165980634",
          "symbol" : "CYP2C19*1",
          "name" : "*1",
          "version" : 14
        },
        "version" : 1
      }, {
        "id" : 1449562679,
        "_label" : "*2",
        "function" : {
          "@id" : "https://pharmgkb.org/ontologyTerm/alleleFunction/haplotypeTags:1445558515",
          "@context" : "https://api.pharmgkb.org/jsonld/ontologyTerm.jsonld",
          "id" : 1445558515,
          "parents" : [ ],
          "resource" : "Allele Function",
          "term" : "No function",
          "termId" : "haplotypeTags:1445558515",
          "version" : 1
        },
        "haplotype" : {
          "@id" : "https://pharmgkb.org/haplotype/PA165980635",
          "@context" : "https://api.pharmgkb.org/jsonld/haplotype.jsonld",
          "objCls" : "Haplotype",
          "id" : "PA165980635",
          "symbol" : "CYP2C19*2",
          "name" : "*2",
          "version" : 14
        },
        "version" : 1
      }, {
        "id" : 1449562680,
        "_label" : "*3",
        "function" : {
          "@id" : "https://pharmgkb.org/ontologyTerm/alleleFunction/haplotypeTags:1445558515",
          "@context" : "https://api.pharmgkb.org/jsonld/ontologyTerm.jsonld",
          "id" : 1445558515,
          "parents" : [ ],
          "resource" : "Allele Function",
          "term" : "No function",
          "termId" : "haplotypeTags:1445558515",
          "version" : 1
        },
        "haplotype" : {
          "@id" : "https://pharmgkb.org/haplotype/PA165980636",
          "@context" : "https://api.pharmgkb.org/jsonld/haplotype.jsonld",
          "objCls" : "Haplotype",
          "id" : "PA165980636",
          "symbol" : "CYP2C19*3",
          "name" : "*3",
          "version" : 14
        },
        "version" : 1
      }, {
        "id" : 1449562683,
        "_label" : "*5",
        "function" : {
          "@id" : "https://pharmgkb.org/ontologyTerm/alleleFunction/haplotypeTags:1445558515",
          "@context" : "https://api.pharmgkb.org/jsonld/ontologyTerm.jsonld",
          "id" : 1445558515,
          "parents" : [ ],
          "resource" : "Allele Function",
          "term" : "No function",
          "termId" : "haplotypeTags:1445558515",
          "version" : 1
        },
        "haplotype" : {
          "@id" : "https://pharmgkb.org/haplotype/PA165980638",
          "@context" : "https://api.pharmgkb.org/jsonld/haplotype.jsonld",
          "objCls" : "Haplotype",
          "id" : "PA165980638",
          "symbol" : "CYP2C19*5",
          "name" : "*5",
          "version" : 14
        },
        "version" : 1
      }, {
        "id" : 1449562684,
        "_label" : "*6",
        "function" : {
          "@id" : "https://pharmgkb.org/ontologyTerm/alleleFunction/haplotypeTags:1445558515",
          "@context" : "https://api.pharmgkb.org/jsonld/ontologyTerm.jsonld",
          "id" : 1445558515,
          "parents" : [ ],
          "resource" : "Allele Function",
          "term" : "No function",
          "termId" : "haplotypeTags:1445558515",
          "version" : 1
        },
        "haplotype" : {
          "@id" : "https://pharmgkb.org/haplotype/PA165816522",
          "@context" : "https://api.pharmgkb.org/jsonld/haplotype.jsonld",
          "objCls" : "Haplotype",
          "id" : "PA165816522",
          "symbol" : "CYP2C19*6",
          "name" : "*6",
          "version" : 16
        },
        "version" : 1
      }, {
        "id" : 1449562685,
        "_label" : "*7",
        "function" : {
          "@id" : "https://pharmgkb.org/ontologyTerm/alleleFunction/haplotypeTags:1445558515",
          "@context" : "https://api.pharmgkb.org/jsonld/ontologyTerm.jsonld",
          "id" : 1445558515,
          "parents" : [ ],
          "resource" : "Allele Function",
          "term" : "No function",
          "termId" : "haplotypeTags:1445558515",
          "version" : 1
        },
        "haplotype" : {
          "@id" : "https://pharmgkb.org/haplotype/PA165816523",
          "@context" : "https://api.pharmgkb.org/jsonld/haplotype.jsonld",
          "objCls" : "Haplotype",
          "id" : "PA165816523",
          "symbol" : "CYP2C19*7",
          "name" : "*7",
          "version" : 16
        },
        "version" : 1
      }, {
        "id" : 1449562686,
        "_label" : "*8",
        "function" : {
          "@id" : "https://pharmgkb.org/ontologyTerm/alleleFunction/haplotypeTags:1445558515",
          "@context" : "https://api.pharmgkb.org/jsonld/ontologyTerm.jsonld",
          "id" : 1445558515,
          "parents" : [ ],
          "resource" : "Allele Function",
          "term" : "No function",
          "termId" : "haplotypeTags:1445558515",
          "version" : 1
        },
        "haplotype" : {
          "@id" : "https://pharmgkb.org/haplotype/PA165816524",
          "@context" : "https://api.pharmgkb.org/jsonld/haplotype.jsonld",
          "objCls" : "Haplotype",
          "id" : "PA165816524",
          "symbol" : "CYP2C19*8",
          "name" : "*8",
          "version" : 16
        },
        "version" : 1
      }, {
        "id" : 1449562687,
        "_label" : "*9",
        "function" : {
          "@id" : "https://pharmgkb.org/ontologyTerm/alleleFunction/haplotypeTags:1445558331",
          "@context" : "https://api.pharmgkb.org/jsonld/ontologyTerm.jsonld",
          "id" : 1445558331,
          "parents" : [ ],
          "resource" : "Allele Function",
          "term" : "Decreased function",
          "termId" : "haplotypeTags:1445558331",
          "version" : 1
        },
        "haplotype" : {
          "@id" : "https://pharmgkb.org/haplotype/PA165816525",
          "@context" : "https://api.pharmgkb.org/jsonld/haplotype.jsonld",
          "objCls" : "Haplotype",
          "id" : "PA165816525",
          "symbol" : "CYP2C19*9",
          "name" : "*9",
          "version" : 16
        },
        "version" : 1
      }, {
        "id" : 1449562688,
        "_label" : "*10",
        "function" : {
          "@id" : "https://pharmgkb.org/ontologyTerm/alleleFunction/haplotypeTags:1445558331",
          "@context" : "https://api.pharmgkb.org/jsonld/ontologyTerm.jsonld",
          "id" : 1445558331,
          "parents" : [ ],
          "resource" : "Allele Function",
          "term" : "Decreased function",
          "termId" : "haplotypeTags:1445558331",
          "version" : 1
        },
        "haplotype" : {
          "@id" : "https://pharmgkb.org/haplotype/PA165816526",
          "@context" : "https://api.pharmgkb.org/jsonld/haplotype.jsonld",
          "objCls" : "Haplotype",
          "id" : "PA165816526",
          "symbol" : "CYP2C19*10",
          "name" : "*10",
          "version" : 16
        },
        "version" : 1
      }, {
        "id" : 1449562689,
        "_label" : "*11",
        "function" : {
          "@id" : "https://pharmgkb.org/ontologyTerm/alleleFunction/haplotypeTags:1445558335",
          "@context" : "https://api.pharmgkb.org/jsonld/ontologyTerm.jsonld",
          "id" : 1445558335,
          "parents" : [ ],
          "resource" : "Allele Function",
          "term" : "Normal function",
          "termId" : "haplotypeTags:1445558335",
          "version" : 1
        },
        "haplotype" : {
          "@id" : "https://pharmgkb.org/haplotype/PA165816527",
          "@context" : "https://api.pharmgkb.org/jsonld/haplotype.jsonld",
          "objCls" : "Haplotype",
          "id" : "PA165816527",
          "symbol" : "CYP2C19*11",
          "name" : "*11",
          "version" : 16
        },
        "version" : 1
      }, {
        "id" : 1449562690,
        "_label" : "*12",
        "function" : {
          "@id" : "https://pharmgkb.org/ontologyTerm/alleleFunction/haplotypeTags:1448531118",
          "@context" : "https://api.pharmgkb.org/jsonld/ontologyTerm.jsonld",
          "id" : 1448531118,
          "parents" : [ ],
          "resource" : "Allele Function",
          "term" : "Uncertain function",
          "termId" : "haplotypeTags:1448531118",
          "version" : 1
        },
        "haplotype" : {
          "@id" : "https://pharmgkb.org/haplotype/PA165816528",
          "@context" : "https://api.pharmgkb.org/jsonld/haplotype.jsonld",
          "objCls" : "Haplotype",
          "id" : "PA165816528",
          "symbol" : "CYP2C19*12",
          "name" : "*12",
          "version" : 16
        },
        "version" : 1
      }, {
        "id" : 1449562691,
        "_label" : "*13",
        "function" : {
          "@id" : "https://pharmgkb.org/ontologyTerm/alleleFunction/haplotypeTags:1445558335",
          "@context" : "https://api.pharmgkb.org/jsonld/ontologyTerm.jsonld",
          "id" : 1445558335,
          "parents" : [ ],
          "resource" : "Allele Function",
          "term" : "Normal function",
          "termId" : "haplotypeTags:1445558335",
          "version" : 1
        },
        "haplotype" : {
          "@id" : "https://pharmgkb.org/haplotype/PA165816529",
          "@context" : "https://api.pharmgkb.org/jsonld/haplotype.jsonld",
          "objCls" : "Haplotype",
          "id" : "PA165816529",
          "symbol" : "CYP2C19*13",
          "name" : "*13",
          "version" : 16
        },
        "version" : 1
      }, {
        "id" : 1449562692,
        "_label" : "*14",
        "function" : {
          "@id" : "https://pharmgkb.org/ontologyTerm/alleleFunction/haplotypeTags:1448531118",
          "@context" : "https://api.pharmgkb.org/jsonld/ontologyTerm.jsonld",
          "id" : 1448531118,
          "parents" : [ ],
          "resource" : "Allele Function",
          "term" : "Uncertain function",
          "termId" : "haplotypeTags:1448531118",
          "version" : 1
        },
        "haplotype" : {
          "@id" : "https://pharmgkb.org/haplotype/PA165816530",
          "@context" : "https://api.pharmgkb.org/jsonld/haplotype.jsonld",
          "objCls" : "Haplotype",
          "id" : "PA165816530",
          "symbol" : "CYP2C19*14",
          "name" : "*14",
          "version" : 16
        },
        "version" : 1
      }, {
        "id" : 1449562693,
        "_label" : "*15",
        "function" : {
          "@id" : "https://pharmgkb.org/ontologyTerm/alleleFunction/haplotypeTags:1445558335",
          "@context" : "https://api.pharmgkb.org/jsonld/ontologyTerm.jsonld",
          "id" : 1445558335,
          "parents" : [ ],
          "resource" : "Allele Function",
          "term" : "Normal function",
          "termId" : "haplotypeTags:1445558335",
          "version" : 1
        },
        "haplotype" : {
          "@id" : "https://pharmgkb.org/haplotype/PA165816531",
          "@context" : "https://api.pharmgkb.org/jsonld/haplotype.jsonld",
          "objCls" : "Haplotype",
          "id" : "PA165816531",
          "symbol" : "CYP2C19*15",
          "name" : "*15",
          "version" : 16
        },
        "version" : 1
      }, {
        "id" : 1449562694,
        "_label" : "*16",
        "function" : {
          "@id" : "https://pharmgkb.org/ontologyTerm/alleleFunction/haplotypeTags:1445558331",
          "@context" : "https://api.pharmgkb.org/jsonld/ontologyTerm.jsonld",
          "id" : 1445558331,
          "parents" : [ ],
          "resource" : "Allele Function",
          "term" : "Decreased function",
          "termId" : "haplotypeTags:1445558331",
          "version" : 1
        },
        "haplotype" : {
          "@id" : "https://pharmgkb.org/haplotype/PA165816532",
          "@context" : "https://api.pharmgkb.org/jsonld/haplotype.jsonld",
          "objCls" : "Haplotype",
          "id" : "PA165816532",
          "symbol" : "CYP2C19*16",
          "name" : "*16",
          "version" : 16
        },
        "version" : 1
      }, {
        "id" : 1449562695,
        "_label" : "*17",
        "function" : {
          "@id" : "https://pharmgkb.org/ontologyTerm/alleleFunction/haplotypeTags:1445558332",
          "@context" : "https://api.pharmgkb.org/jsonld/ontologyTerm.jsonld",
          "id" : 1445558332,
          "parents" : [ ],
          "resource" : "Allele Function",
          "term" : "Increased function",
          "termId" : "haplotypeTags:1445558332",
          "version" : 1
        },
        "haplotype" : {
          "@id" : "https://pharmgkb.org/haplotype/PA165816533",
          "@context" : "https://api.pharmgkb.org/jsonld/haplotype.jsonld",
          "objCls" : "Haplotype",
          "id" : "PA165816533",
          "symbol" : "CYP2C19*17",
          "name" : "*17",
          "version" : 18
        },
        "version" : 1
      }, {
        "id" : 1449562696,
        "_label" : "*18",
        "function" : {
          "@id" : "https://pharmgkb.org/ontologyTerm/alleleFunction/haplotypeTags:1445558335",
          "@context" : "https://api.pharmgkb.org/jsonld/ontologyTerm.jsonld",
          "id" : 1445558335,
          "parents" : [ ],
          "resource" : "Allele Function",
          "term" : "Normal function",
          "termId" : "haplotypeTags:1445558335",
          "version" : 1
        },
        "haplotype" : {
          "@id" : "https://pharmgkb.org/haplotype/PA165816534",
          "@context" : "https://api.pharmgkb.org/jsonld/haplotype.jsonld",
          "objCls" : "Haplotype",
          "id" : "PA165816534",
          "symbol" : "CYP2C19*18",
          "name" : "*18",
          "version" : 16
        },
        "version" : 1
      }, {
        "id" : 1449562697,
        "_label" : "*19",
        "function" : {
          "@id" : "https://pharmgkb.org/ontologyTerm/alleleFunction/haplotypeTags:1445558331",
          "@context" : "https://api.pharmgkb.org/jsonld/ontologyTerm.jsonld",
          "id" : 1445558331,
          "parents" : [ ],
          "resource" : "Allele Function",
          "term" : "Decreased function",
          "termId" : "haplotypeTags:1445558331",
          "version" : 1
        },
        "haplotype" : {
          "@id" : "https://pharmgkb.org/haplotype/PA165816535",
          "@context" : "https://api.pharmgkb.org/jsonld/haplotype.jsonld",
          "objCls" : "Haplotype",
          "id" : "PA165816535",
          "symbol" : "CYP2C19*19",
          "name" : "*19",
          "version" : 16
        },
        "version" : 1
      }, {
        "id" : 1449562698,
        "_label" : "*22",
        "function" : {
          "@id" : "https://pharmgkb.org/ontologyTerm/alleleFunction/haplotypeTags:1445558515",
          "@context" : "https://api.pharmgkb.org/jsonld/ontologyTerm.jsonld",
          "id" : 1445558515,
          "parents" : [ ],
          "resource" : "Allele Function",
          "term" : "No function",
          "termId" : "haplotypeTags:1445558515",
          "version" : 1
        },
        "haplotype" : {
          "@id" : "https://pharmgkb.org/haplotype/PA165816536",
          "@context" : "https://api.pharmgkb.org/jsonld/haplotype.jsonld",
          "objCls" : "Haplotype",
          "id" : "PA165816536",
          "symbol" : "CYP2C19*22",
          "name" : "*22",
          "version" : 16
        },
        "version" : 1
      }, {
        "id" : 1449562699,
        "_label" : "*23",
        "function" : {
          "@id" : "https://pharmgkb.org/ontologyTerm/alleleFunction/haplotypeTags:1448531118",
          "@context" : "https://api.pharmgkb.org/jsonld/ontologyTerm.jsonld",
          "id" : 1448531118,
          "parents" : [ ],
          "resource" : "Allele Function",
          "term" : "Uncertain function",
          "termId" : "haplotypeTags:1448531118",
          "version" : 1
        },
        "haplotype" : {
          "@id" : "https://pharmgkb.org/haplotype/PA165816537",
          "@context" : "https://api.pharmgkb.org/jsonld/haplotype.jsonld",
          "objCls" : "Haplotype",
          "id" : "PA165816537",
          "symbol" : "CYP2C19*23",
          "name" : "*23",
          "version" : 16
        },
        "version" : 1
      }, {
        "id" : 1449562700,
        "_label" : "*24",
        "function" : {
          "@id" : "https://pharmgkb.org/ontologyTerm/alleleFunction/haplotypeTags:1445558515",
          "@context" : "https://api.pharmgkb.org/jsonld/ontologyTerm.jsonld",
          "id" : 1445558515,
          "parents" : [ ],
          "resource" : "Allele Function",
          "term" : "No function",
          "termId" : "haplotypeTags:1445558515",
          "version" : 1
        },
        "haplotype" : {
          "@id" : "https://pharmgkb.org/haplotype/PA165816538",
          "@context" : "https://api.pharmgkb.org/jsonld/haplotype.jsonld",
          "objCls" : "Haplotype",
          "id" : "PA165816538",
          "symbol" : "CYP2C19*24",
          "name" : "*24",
          "version" : 16
        },
        "version" : 1
      }, {
        "id" : 1449562701,
        "_label" : "*25",
        "function" : {
          "@id" : "https://pharmgkb.org/ontologyTerm/alleleFunction/haplotypeTags:1445558331",
          "@context" : "https://api.pharmgkb.org/jsonld/ontologyTerm.jsonld",
          "id" : 1445558331,
          "parents" : [ ],
          "resource" : "Allele Function",
          "term" : "Decreased function",
          "termId" : "haplotypeTags:1445558331",
          "version" : 1
        },
        "haplotype" : {
          "@id" : "https://pharmgkb.org/haplotype/PA165816539",
          "@context" : "https://api.pharmgkb.org/jsonld/haplotype.jsonld",
          "objCls" : "Haplotype",
          "id" : "PA165816539",
          "symbol" : "CYP2C19*25",
          "name" : "*25",
          "version" : 16
        },
        "version" : 1
      }, {
        "id" : 1449562702,
        "_label" : "*26",
        "function" : {
          "@id" : "https://pharmgkb.org/ontologyTerm/alleleFunction/haplotypeTags:1445558331",
          "@context" : "https://api.pharmgkb.org/jsonld/ontologyTerm.jsonld",
          "id" : 1445558331,
          "parents" : [ ],
          "resource" : "Allele Function",
          "term" : "Decreased function",
          "termId" : "haplotypeTags:1445558331",
          "version" : 1
        },
        "haplotype" : {
          "@id" : "https://pharmgkb.org/haplotype/PA165816540",
          "@context" : "https://api.pharmgkb.org/jsonld/haplotype.jsonld",
          "objCls" : "Haplotype",
          "id" : "PA165816540",
          "symbol" : "CYP2C19*26",
          "name" : "*26",
          "version" : 16
        },
        "version" : 1
      }, {
        "id" : 1449562704,
        "_label" : "*28",
        "function" : {
          "@id" : "https://pharmgkb.org/ontologyTerm/alleleFunction/haplotypeTags:1445558335",
          "@context" : "https://api.pharmgkb.org/jsonld/ontologyTerm.jsonld",
          "id" : 1445558335,
          "parents" : [ ],
          "resource" : "Allele Function",
          "term" : "Normal function",
          "termId" : "haplotypeTags:1445558335",
          "version" : 1
        },
        "haplotype" : {
          "@id" : "https://pharmgkb.org/haplotype/PA166115675",
          "@context" : "https://api.pharmgkb.org/jsonld/haplotype.jsonld",
          "objCls" : "Haplotype",
          "id" : "PA166115675",
          "symbol" : "CYP2C19*28",
          "name" : "*28",
          "version" : 9
        },
        "version" : 1
      }, {
        "id" : 1449562705,
        "_label" : "*29",
        "function" : {
          "@id" : "https://pharmgkb.org/ontologyTerm/alleleFunction/haplotypeTags:1448531118",
          "@context" : "https://api.pharmgkb.org/jsonld/ontologyTerm.jsonld",
          "id" : 1448531118,
          "parents" : [ ],
          "resource" : "Allele Function",
          "term" : "Uncertain function",
          "termId" : "haplotypeTags:1448531118",
          "version" : 1
        },
        "haplotype" : {
          "@id" : "https://pharmgkb.org/haplotype/PA166123292",
          "@context" : "https://api.pharmgkb.org/jsonld/haplotype.jsonld",
          "objCls" : "Haplotype",
          "id" : "PA166123292",
          "symbol" : "CYP2C19*29",
          "name" : "*29",
          "version" : 8
        },
        "version" : 1
      }, {
        "id" : 1449562706,
        "_label" : "*30",
        "function" : {
          "@id" : "https://pharmgkb.org/ontologyTerm/alleleFunction/haplotypeTags:1448531118",
          "@context" : "https://api.pharmgkb.org/jsonld/ontologyTerm.jsonld",
          "id" : 1448531118,
          "parents" : [ ],
          "resource" : "Allele Function",
          "term" : "Uncertain function",
          "termId" : "haplotypeTags:1448531118",
          "version" : 1
        },
        "haplotype" : {
          "@id" : "https://pharmgkb.org/haplotype/PA166123293",
          "@context" : "https://api.pharmgkb.org/jsonld/haplotype.jsonld",
          "objCls" : "Haplotype",
          "id" : "PA166123293",
          "symbol" : "CYP2C19*30",
          "name" : "*30",
          "version" : 8
        },
        "version" : 1
      }, {
        "id" : 1449562707,
        "_label" : "*31",
        "function" : {
          "@id" : "https://pharmgkb.org/ontologyTerm/alleleFunction/haplotypeTags:1448531118",
          "@context" : "https://api.pharmgkb.org/jsonld/ontologyTerm.jsonld",
          "id" : 1448531118,
          "parents" : [ ],
          "resource" : "Allele Function",
          "term" : "Uncertain function",
          "termId" : "haplotypeTags:1448531118",
          "version" : 1
        },
        "haplotype" : {
          "@id" : "https://pharmgkb.org/haplotype/PA166123294",
          "@context" : "https://api.pharmgkb.org/jsonld/haplotype.jsonld",
          "objCls" : "Haplotype",
          "id" : "PA166123294",
          "symbol" : "CYP2C19*31",
          "name" : "*31",
          "version" : 8
        },
        "version" : 1
      }, {
        "id" : 1449562708,
        "_label" : "*32",
        "function" : {
          "@id" : "https://pharmgkb.org/ontologyTerm/alleleFunction/haplotypeTags:1448531118",
          "@context" : "https://api.pharmgkb.org/jsonld/ontologyTerm.jsonld",
          "id" : 1448531118,
          "parents" : [ ],
          "resource" : "Allele Function",
          "term" : "Uncertain function",
          "termId" : "haplotypeTags:1448531118",
          "version" : 1
        },
        "haplotype" : {
          "@id" : "https://pharmgkb.org/haplotype/PA166123295",
          "@context" : "https://api.pharmgkb.org/jsonld/haplotype.jsonld",
          "objCls" : "Haplotype",
          "id" : "PA166123295",
          "symbol" : "CYP2C19*32",
          "name" : "*32",
          "version" : 8
        },
        "version" : 1
      }, {
        "id" : 1449562709,
        "_label" : "*33",
        "function" : {
          "@id" : "https://pharmgkb.org/ontologyTerm/alleleFunction/haplotypeTags:1448531118",
          "@context" : "https://api.pharmgkb.org/jsonld/ontologyTerm.jsonld",
          "id" : 1448531118,
          "parents" : [ ],
          "resource" : "Allele Function",
          "term" : "Uncertain function",
          "termId" : "haplotypeTags:1448531118",
          "version" : 1
        },
        "haplotype" : {
          "@id" : "https://pharmgkb.org/haplotype/PA166123296",
          "@context" : "https://api.pharmgkb.org/jsonld/haplotype.jsonld",
          "objCls" : "Haplotype",
          "id" : "PA166123296",
          "symbol" : "CYP2C19*33",
          "name" : "*33",
          "version" : 8
        },
        "version" : 1
      }, {
        "id" : 1449562710,
        "_label" : "*34",
        "function" : {
          "@id" : "https://pharmgkb.org/ontologyTerm/alleleFunction/haplotypeTags:1448531118",
          "@context" : "https://api.pharmgkb.org/jsonld/ontologyTerm.jsonld",
          "id" : 1448531118,
          "parents" : [ ],
          "resource" : "Allele Function",
          "term" : "Uncertain function",
          "termId" : "haplotypeTags:1448531118",
          "version" : 1
        },
        "haplotype" : {
          "@id" : "https://pharmgkb.org/haplotype/PA166115676",
          "@context" : "https://api.pharmgkb.org/jsonld/haplotype.jsonld",
          "objCls" : "Haplotype",
          "id" : "PA166115676",
          "symbol" : "CYP2C19*34",
          "name" : "*34",
          "version" : 9
        },
        "version" : 1
      }, {
        "id" : 1449562711,
        "_label" : "*35",
        "function" : {
          "@id" : "https://pharmgkb.org/ontologyTerm/alleleFunction/haplotypeTags:1445558515",
          "@context" : "https://api.pharmgkb.org/jsonld/ontologyTerm.jsonld",
          "id" : 1445558515,
          "parents" : [ ],
          "resource" : "Allele Function",
          "term" : "No function",
          "termId" : "haplotypeTags:1445558515",
          "version" : 1
        },
        "haplotype" : {
          "@id" : "https://pharmgkb.org/haplotype/PA166128094",
          "@context" : "https://api.pharmgkb.org/jsonld/haplotype.jsonld",
          "objCls" : "Haplotype",
          "id" : "PA166128094",
          "symbol" : "CYP2C19*35",
          "name" : "*35",
          "version" : 5
        },
        "version" : 1
      }, {
        "id" : 1450805215,
        "_label" : "*4",
        "function" : {
          "@id" : "https://pharmgkb.org/ontologyTerm/alleleFunction/haplotypeTags:1445558515",
          "@context" : "https://api.pharmgkb.org/jsonld/ontologyTerm.jsonld",
          "id" : 1445558515,
          "parents" : [ ],
          "resource" : "Allele Function",
          "term" : "No function",
          "termId" : "haplotypeTags:1445558515",
          "version" : 1
        },
        "haplotype" : {
          "@id" : "https://pharmgkb.org/haplotype/PA165980637",
          "@context" : "https://api.pharmgkb.org/jsonld/haplotype.jsonld",
          "objCls" : "Haplotype",
          "id" : "PA165980637",
          "symbol" : "CYP2C19*4",
          "name" : "*4",
          "version" : 14
        },
        "version" : 0
      } ],
      "gene" : {
        "@id" : "https://pharmgkb.org/gene/PA124",
        "@context" : "https://api.pharmgkb.org/jsonld/gene.jsonld",
        "objCls" : "Gene",
        "id" : "PA124",
        "symbol" : "CYP2C19",
        "name" : "cytochrome P450 family 2 subfamily C member 19",
        "version" : 7208
      },
      "version" : 1
    } ],
    "history" : [ {
      "id" : 1448530671,
      "date" : "2016-12-02T00:00:00-08:00",
      "type" : "Create",
      "version" : 0
    }, {
      "id" : 1449717119,
      "date" : "2018-08-23T17:04:13.204-07:00",
      "description" : "Updated video link",
      "type" : "Update",
      "version" : 0
    } ],
    "literature" : [ {"@id":"https://pharmgkb.org/literature/15098243","@context":"https://api.pharmgkb.org/jsonld/literature.jsonld","id":15098243,"resourceId":"27981572","title":"Clinical Pharmacogenetics Implementation Consortium (CPIC) Guidelines for CYP2C19 and Voriconazole Therapy.","_sameAs":"https://www.ncbi.nlm.nih.gov/pmc/articles/PMC5474211","objCls":"Literature","type":"Article","xrefs":[{"@id":"https://pharmgkb.org/crossReference/pmc/PMC5474211","@context":"https://api.pharmgkb.org/jsonld/crossReference.jsonld","id":1449293324,"resource":"PubMed Central","resourceId":"PMC5474211","_url":"https://www.ncbi.nlm.nih.gov/pmc/articles/PMC5474211"},{"@id":"https://pharmgkb.org/crossReference/pubMed/27981572","@context":"https://api.pharmgkb.org/jsonld/crossReference.jsonld","id":1449293323,"resource":"PubMed","resourceId":"27981572","_url":"https://www.ncbi.nlm.nih.gov/pubmed/27981572"},{"@id":"https://pharmgkb.org/crossReference/doi/10.1002/cpt.583","@context":"https://api.pharmgkb.org/jsonld/crossReference.jsonld","id":1449293325,"resource":"DOI","resourceId":"10.1002/cpt.583","_url":"http://dx.doi.org/10.1002%2Fcpt.583"}]}, {"@id":"https://pharmgkb.org/literature/15100925","@context":"https://api.pharmgkb.org/jsonld/literature.jsonld","id":15100925,"resourceId":"https://cpicpgx.org/guidelines/guideline-for-voriconazole-and-cyp2c19/","title":"CPIC® Guideline for Voriconazole and CYP2C19 – CPIC","_sameAs":"https://cpicpgx.org/guidelines/guideline-for-voriconazole-and-cyp2c19/","objCls":"Literature","type":"Web Page","xrefs":[{"@id":"https://pharmgkb.org/crossReference/url/https://cpicpgx.org/guidelines/guideline-for-voriconazole-and-cyp2c19/","@context":"https://api.pharmgkb.org/jsonld/crossReference.jsonld","id":1448432520,"resource":"URL","resourceId":"https://cpicpgx.org/guidelines/guideline-for-voriconazole-and-cyp2c19/","_url":"https://cpicpgx.org/guidelines/guideline-for-voriconazole-and-cyp2c19/"}]} ],
    "recommendation" : true,
    "relatedAlleles" : [ ],
    "relatedChemicals" : [ {
      "@id" : "https://pharmgkb.org/chemical/PA10233",
      "@context" : "https://api.pharmgkb.org/jsonld/chemical.jsonld",
      "objCls" : "Chemical",
      "id" : "PA10233",
      "name" : "voriconazole",
      "version" : 5
    } ],
    "relatedGenes" : [ {
      "@id" : "https://pharmgkb.org/gene/PA124",
      "@context" : "https://api.pharmgkb.org/jsonld/gene.jsonld",
      "objCls" : "Gene",
      "id" : "PA124",
      "symbol" : "CYP2C19",
      "name" : "cytochrome P450 family 2 subfamily C member 19",
      "version" : 7208
    } ],
    "source" : "Clinical Pharmacogenetics Implementation Consortium",
    "summaryMarkdown" : {
      "id" : 1448432518,
      "html" : "<p>The CPIC dosing guideline for voriconazole recommends selecting an alternative agent that is not dependent on CYP2C19 metabolism in adults who are CYP2C19 ultrarapid metabolizers, rapid metabolizers or poor metabolizers. In pediatric patients, an alternative agent should be used in patients who are ultrarapid metabolizers or poor metabolizers. In pediatric rapid metabolizers, therapy should be initiated at recommended standard case dosing, then therapeutic dosing monitoring should be used to titrate dose to therapeutic trough concentrations.</p>\n",
      "version" : 0
    },
    "terms" : [ {"@id":"https://pharmgkb.org/ontologyTerm/cpicStatus/cpicStatus:1183847844","@context":"https://api.pharmgkb.org/jsonld/ontologyTerm.jsonld","id":1183847844,"resource":"CPIC Status","term":"A","termId":"cpicStatus:1183847844"} ],
    "textMarkdown" : {
      "id" : 1448432597,
      "html" : "<p>This annotation is based on the <a rel=\"noopener noreferrer\" href=\"https://cpicpgx.org/guideline-for-voriconazole-and-cyp2c19/\" target=\"_blank\">CPIC&reg; guideline for voriconazole and CYP2C19</a>.</p>\n<h3 id=\"december-2016\">December 2016</h3>\n<ul>\n<li>\n<p>Guidelines regarding the use of pharmacogenomic tests in dosing for voriconazole have been published in Clinical Pharmacology and Therapeutics by the <a rel=\"noopener noreferrer\" href=\"https://cpicpgx.org/\" target=\"_blank\">Clinical Pharmacogenetics Implementation Consortium (CPIC)</a>.</p>\n</li>\n<li>\n<p>These guidelines are applicable to:</p>\n<ul>\n<li>Adult patients (see Table 1 below)</li>\n<li>Pediatric patients (see Table 2 below)</li>\n</ul>\n</li>\n<li>\n<p>Download and read:</p>\n<ul>\n<li><a rel=\"noopener noreferrer\" href=\"https://cpicpgx.org/content/guideline/publication/voriconazole/2016/27981572.pdf\" target=\"_blank\">Clinical Pharmacogenetics Implementation Consortium (CPIC) Guideline for CYP2C19 and Voriconazole Therapy</a></li>\n<li><a rel=\"noopener noreferrer\" href=\"https://cpicpgx.org/content/guideline/publication/voriconazole/2016/27981572-supplement.pdf\" target=\"_blank\">2016 Supplement</a></li>\n<li><a href=\"/page/cyp2c19RefMaterials\">Gene-specific Information Tables for CYP2C19</a></li>\n<li><a rel=\"noopener noreferrer\" href=\"https://cpicpgx.org/content/guideline/publication/voriconazole/2016/Voriconazole_Drug_Resource_Mappings.xlsx\" target=\"_blank\">Voriconazole Drug Resource Mappings</a></li>\n<li><a rel=\"noopener noreferrer\" href=\"https://cpicpgx.org/content/guideline/publication/voriconazole/2016/Voriconazole_Pre_and_Post_Test_Alerts_and_Flow_Chart.xlsx\" target=\"_blank\">Voriconazole Pre- and Post-Test Alerts and Flow Chart</a></li>\n</ul>\n</li>\n</ul>\n<h3 id=\"table-1-dosing-recommendations-for-voriconazole-treatment-based-on-cyp2c19-phenotype-for-adult-patients\">Table 1: Dosing recommendations for voriconazole treatment based on CYP2C19 phenotype for adult patients</h3>\n<p><em>Adapted from Tables 1 and 2 of the 2016 guideline manuscript.</em></p>\n<table class=\"table\">\n<thead>\n<tr><th>Likely Phenotype</th><th>Genotypes<sup>b</sup></th><th>Examples of diplotypes</th><th>Implications for pharmacologic measures</th><th>Therapeutic recommendations</th><th>Classification of Recommendations<sup>e</sup></th></tr>\n</thead>\n<tbody>\n<tr><td>Ultrarapid metabolizer (~2-5% of patients)<sup>a</sup></td><td>An individual carrying two increased function alleles</td><td><em>*17/*17</em></td><td>In patients for whom an ultrarapid metabolizer genotype is identified, the probability of attainment of therapeutic voriconazole concentrations is small with standard dosing.</td><td>Choose an alternative agent that is not dependent on CYP2C19 metabolism as primary therapy in lieu of voriconazole. Such agents include isavuconazole, liposomal amphotericin B, and posaconazole.<sup>f</sup></td><td>Moderate<sup>g</sup></td></tr>\n<tr><td>Rapid metabolizer (~2-30% of patients)<sup>a</sup></td><td>An individual carrying one normal function allele and one increased function allele</td><td><em>*1/*17</em></td><td>In patients for whom a rapid metabolizer genotype is identified, the probability of attainment of therapeutic concentrations is modest with standard dosing.</td><td>Choose an alternative agent that is not dependent on CYP2C19 metabolism as primary therapy in lieu of voriconazole. Such agents include isavuconazole, liposomal amphotericin B, and posaconazole.<sup>f</sup></td><td>Moderate</td></tr>\n<tr><td>Normal metabolizer<sup>c</sup> (~35-50% of patients)<sup>a</sup></td><td>An individual carrying two normal function alleles</td><td><em>*1/*1</em></td><td>Normal voriconazole metabolism</td><td>Initiate therapy with recommended standard of care dosing.<sup>f</sup></td><td>Strong</td></tr>\n<tr><td>Intermediate metabolizer (~18-45% of patients)<sup>a</sup></td><td>An individual carrying one normal function allele and one no function allele or one no function allele and one increased function allele</td><td><em>*1/*2, *1/*3, *2/*17<sup>d</sup></em></td><td>Higher dose-adjusted trough concentrations of voriconazole compared to normal metabolizers.</td><td>Initiate therapy with recommended standard of care dosing.<sup>f</sup></td><td>Moderate</td></tr>\n<tr><td>Poor metabolizer (~2-15% of patients)<sup>a</sup></td><td>An individual carrying two no function alleles</td><td><em>*2/*2, *2/*3, *3/*3</em></td><td>Higher dose-adjusted trough concentrations of voriconazole and may increase probability of adverse events.</td><td>Choose an alternative agent that is not dependent on CYP2C19 metabolism as primary therapy in lieu of voriconazole. Such agents include isavuconazole, liposomal amphotericin B, and posaconazole.<sup>f</sup> In the event that voriconazole is considered to be the most appropriate agent, based on clinical advice, for a patient with poor metabolizer genotype, voriconazole should be administered at a preferably lower than standard dosage with careful therapeutic drug monitoring.</td><td>Moderate</td></tr>\n</tbody>\n</table>\n<p><sup>a</sup> See the <a href=\"/page/cyp2c19RefMaterials\">CYP2C19 Frequency Table</a> for race specific allele and phenotype frequencies.</p>\n<p><sup>b</sup> Assignment of allele function can be found on PharmGKB (<a href=\"/page/cyp2c19RefMaterials\">CYP2C19 Allele Definition Table</a>) and citations for allele function can be on PharmGKB (<a href=\"/page/cyp2c19RefMaterials\">CYP2C19 Allele Functionality Table</a>).</p>\n<p><sup>c</sup> Based on the <a rel=\"noopener noreferrer\" href=\"https://www.ncbi.nlm.nih.gov/pubmed/27441996\" target=\"_blank\">CPIC term standardization project</a>, the term &quot;Normal Metabolizer&quot; will be used instead of the term &quot;Extensive Metabolizer&quot; in all new and updated CPIC guidelines.</p>\n<p><sup>d</sup> The predicted metabolizer phenotype for the <em>*2/*17</em> genotype is a provisional classification. The currently available evidence indicates that the <em>CYP2C19*17</em> increased function allele is unable to completely compensate for the no function <em>CYP2C19*2</em> (<a rel=\"noopener noreferrer\" href=\"https://www.ncbi.nlm.nih.gov/pubmed/20083681\" target=\"_blank\">Sibbing <em>et al.</em>, 2010</a>). See the 2016 Supplement for a more comprehensive list of predicted metabolizer phenotypes.</p>\n<p><sup>e</sup> Rating scheme is described in the 2016 Supplement</p>\n<p><sup>f</sup> Further dose adjustments or selection of alternative therapy may be necessary due to other clinical factors, such as drug interactions, hepatic function, renal function, species, site of infection, TDM, and comorbidities.</p>\n<p><sup>g</sup> Recommendations based upon data extrapolated from patients with CYP2C19*1/*17 genotype</p>\n<hr />\n<h3 id=\"table-2-dosing-recommendations-for-voriconazole-treatment-based-on-cyp2c19-phenotype-for-pediatric-patients\">Table 2: Dosing recommendations for voriconazole treatment based on CYP2C19 phenotype for pediatric patients</h3>\n<p><em>Adapted from Tables 1 and 3 of the 2016 guideline manuscript.</em></p>\n<table class=\"table\">\n<thead>\n<tr><th>Likely Phenotype</th><th>Genotypes<sup>b</sup></th><th>Examples of diplotypes</th><th>Implications for pharmacologic measures</th><th>Therapeutic recommendations</th><th>Classification of Recommendations<sup>e</sup></th></tr>\n</thead>\n<tbody>\n<tr><td>Ultrarapid metabolizer (~2-5% of patients)<sup>a</sup></td><td>An individual carrying two increased function alleles</td><td><em>*17/*17</em></td><td>In patients for whom an ultrarapid metabolizer genotype is identified, the probability of attainment of therapeutic voriconazole concentrations is small.</td><td>Choose an alternative agent that is not dependent on CYP2C19 metabolism as primary therapy in lieu of voriconazole. Such agents include isavuconazole, liposomal amphotericin B, and posaconazole.<sup>f,g</sup></td><td>Moderate</td></tr>\n<tr><td>Rapid metabolizer (~2-30% of patients)<sup>a</sup></td><td>An individual carrying one normal function allele and one increased function allele</td><td><em>*1/*17</em></td><td>In patients for whom a rapid metabolizer genotype is identified, the probability of attainment of therapeutic concentrations is variable.</td><td>Initiate therapy with recommended standard case dosing.<sup>f</sup> Use therapeutic dose monitoring to titrate dose to therapeutic trough concentrations.<sup>g,h</sup></td><td>Moderate</td></tr>\n<tr><td>Normal metabolizer<sup>c</sup> (~35-50% of patients)<sup>a</sup></td><td>An individual carrying two normal function alleles</td><td><em>*1/*1</em></td><td>Normal voriconazole metabolism</td><td>Initiate therapy with recommended standard of care dosing.<sup>f</sup></td><td>Strong</td></tr>\n<tr><td>Intermediate metabolizer (~18-45% of patients)<sup>a</sup></td><td>An individual carrying one normal function allele and one no function allele or one no function allele and one increased function allele</td><td><em>*1/*2, *1/*3, *2/*17<sup>d</sup></em></td><td>Higher dose-adjusted trough concentrations of voriconazole compared to normal metabolizers.</td><td>Initiate therapy with recommended standard of care dosing.<sup>f</sup></td><td>Moderate</td></tr>\n<tr><td>Poor metabolizer (~2-15% of patients)<sup>a</sup></td><td>An individual carrying two no function alleles</td><td><em>*2/*2, *2/*3, *3/*3</em></td><td>Higher dose-adjusted trough concentrations of voriconazole and may increase probability of adverse events.</td><td>Choose an alternative agent that is not dependent on CYP2C19 metabolism as primary therapy in lieu of voriconazole. Such agents include isavuconazole, liposomal amphotericin B, and posaconazole<sup>f,i</sup>. In the event that voriconazole is considered to be the most appropriate agent, based on clinical advice, for a patient with poor metabolizer genotype, voriconazole should be administered at a preferably lower than standard dosage with careful therapeutic drug monitoring.</td><td>Moderate<sup>i</sup></td></tr>\n</tbody>\n</table>\n<p><sup>a</sup> See the <a href=\"/page/cyp2c19RefMaterials\">CYP2C19 frequency table</a> for race specific allele and phenotype frequencies.</p>\n<p><sup>b</sup> Assignment of allele function can be found on PharmGKB (<a href=\"/page/cyp2c19RefMaterials\">CYP2C19 Allele Definition Table</a>) and citations for allele function can be on PharmGKB (<a href=\"/page/cyp2c19RefMaterials\">CYP2C19 Allele Functionality Table</a>).</p>\n<p><sup>c</sup> Based on the <a rel=\"noopener noreferrer\" href=\"https://www.ncbi.nlm.nih.gov/pubmed/27441996\" target=\"_blank\">CPIC term standardization project</a>, the term &quot;Normal Metabolizer&quot; will be used instead of the term &quot;Extensive Metabolizer&quot; in all new and updated CPIC guidelines.</p>\n<p><sup>d</sup> The predicted metabolizer phenotype for the <em>*2/*17</em> genotype is a provisional classification. The currently available evidence indicates that the <em>CYP2C19*17</em> increased function allele is unable to completely compensate for the no function <em>CYP2C19*2</em> (<a rel=\"noopener noreferrer\" href=\"https://www.ncbi.nlm.nih.gov/pubmed/20083681\" target=\"_blank\">Sibbing <em>et al.</em>, 2010</a>). See the 2016 Supplement for a more comprehensive list of predicted metabolizer phenotypes.</p>\n<p><sup>e</sup> Rating scheme is described in the 2016 Supplement</p>\n<p><sup>f</sup> Further dose adjustments or selection of alternative therapy may be necessary due to other clinical factors, such as drug interactions, hepatic function, renal function, species, site of infection, TDM, and comorbidities.</p>\n<p><sup>g</sup> Achieving voriconazole therapeutic concentrations in the pediatric population with ultrarapid and rapid metabolizer phenotypes in a timely manner is difficult. As critical time may be lost in achieving therapeutic concentrations, an alternative antifungal agent is recommended in order that the child receives effective antifungal therapy as soon as possible.</p>\n<p><sup>h</sup> Meticulous therapeutic drug monitoring is critical for rapid metabolizers. There is insufficient evidence to distinguish a CYP2C19*1/*17 and *1/*1 pediatric patient due to large variability in trough concentrations.</p>\n<p><sup>i</sup> Recommendation based upon data extrapolated from adults.</p>\n",
      "version" : 15
    },
    "userId" : "68efc88f702342198eb4abf8d780c6e9",
    "version" : 31,
    "xrefs" : [ {"@id":"https://pharmgkb.org/crossReference/url/https://cpicpgx.org/guidelines/guideline-for-voriconazole-and-cyp2c19/","@context":"https://api.pharmgkb.org/jsonld/crossReference.jsonld","id":1448432520,"resource":"URL","resourceId":"https://cpicpgx.org/guidelines/guideline-for-voriconazole-and-cyp2c19/","_url":"https://cpicpgx.org/guidelines/guideline-for-voriconazole-and-cyp2c19/"} ]
  }
}