{
  "citations" : [ {
    "@id" : "https://pharmgkb.org/literature/15087045",
    "@context" : "https://api.pharmgkb.org/jsonld/literature.jsonld",
    "id" : 15087045,
    "resourceId" : "25801146",
    "title" : "Clinical Pharmacogenetics Implementation Consortium (CPIC) Guidelines for CYP3A5 Genotype and Tacrolimus Dosing.",
    "_sameAs" : "https://www.ncbi.nlm.nih.gov/pmc/articles/PMC4481158",
    "authors" : [ "Birdwell K A", "Decker B", "Barbarino J M", "Peterson J F", "Stein C M", "Sadee W", "Wang D", "Vinks A A", "He Y", "Swen J J", "Leeder J S", "van Schaik Rhn", "Thummel K E", "Klein T E", "Caudle K E", "MacPhee I A M" ],
    "hasKeyword" : true,
    "journal" : "Clinical pharmacology and therapeutics",
    "meshDiseases" : [ "PA133888799", "PA166123007" ],
    "meshTerms" : [ "Cytochrome P-450 CYP3A", "Genetic Testing", "Genotype", "Hematopoietic Stem Cell Transplantation", "Humans", "Immunosuppressive Agents", "Organ Transplantation", "Tacrolimus" ],
    "month" : 7,
    "nonHuman" : false,
    "objCls" : "Literature",
    "page" : "19-24",
    "pgkbPublication" : true,
    "pubDate" : "2015-07-01T00:00:00-07:00",
    "summary" : "Tacrolimus is the mainstay immunosuppressant drug used after solid organ and hematopoietic stem cell transplantation. Individuals who express CYP3A5 (extensive and intermediate metabolizers) generally have decreased dose-adjusted trough concentrations of tacrolimus as compared with those who are CYP3A5 nonexpressers (poor metabolizers), possibly delaying achievement of target blood concentrations. We summarize evidence from the published literature supporting this association and provide dosing recommendations for tacrolimus based on CYP3A5 genotype when known (updates at www.pharmgkb.org).",
    "type" : "Article",
    "version" : 5,
    "volume" : "98",
    "xrefs" : [ {"@id":"https://pharmgkb.org/crossReference/pmc/PMC4481158","@context":"https://api.pharmgkb.org/jsonld/crossReference.jsonld","id":1449295555,"resource":"PubMed Central","resourceId":"PMC4481158","_url":"https://www.ncbi.nlm.nih.gov/pmc/articles/PMC4481158"}, {"@id":"https://pharmgkb.org/crossReference/pubMed/25801146","@context":"https://api.pharmgkb.org/jsonld/crossReference.jsonld","id":1449295554,"resource":"PubMed","resourceId":"25801146","_url":"https://www.ncbi.nlm.nih.gov/pubmed/25801146"}, {"@id":"https://pharmgkb.org/crossReference/doi/10.1002/cpt.113","@context":"https://api.pharmgkb.org/jsonld/crossReference.jsonld","id":1449295556,"resource":"DOI","resourceId":"10.1002/cpt.113","_url":"http://dx.doi.org/10.1002%2Fcpt.113"} ],
    "year" : 2015
  } ],
  "guideline" : {
    "@id" : "https://pharmgkb.org/guidelineAnnotation/PA166124619",
    "@context" : "https://api.pharmgkb.org/jsonld/guidelineAnnotation.jsonld",
    "objCls" : "Guideline Annotation",
    "id" : "PA166124619",
    "name" : "Annotation of CPIC Guideline for tacrolimus and CYP3A5",
    "cancerGenome" : false,
    "descriptiveVideoId" : "OGP4_sQsnBE",
    "guidelineGenes" : [ {
      "id" : 1449560765,
      "alleles" : [ {
        "id" : 1449560766,
        "_label" : "*1",
        "function" : {
          "@id" : "https://pharmgkb.org/ontologyTerm/alleleFunction/haplotypeTags:1445558335",
          "@context" : "https://api.pharmgkb.org/jsonld/ontologyTerm.jsonld",
          "id" : 1445558335,
          "parents" : [ ],
          "resource" : "Allele Function",
          "term" : "Normal function",
          "termId" : "haplotypeTags:1445558335",
          "version" : 1
        },
        "haplotype" : {
          "@id" : "https://pharmgkb.org/haplotype/PA166128213",
          "@context" : "https://api.pharmgkb.org/jsonld/haplotype.jsonld",
          "objCls" : "Haplotype",
          "id" : "PA166128213",
          "symbol" : "CYP3A5*1",
          "name" : "*1",
          "version" : 2
        },
        "version" : 0
      }, {
        "id" : 1449560767,
        "_label" : "*2",
        "function" : {
          "@id" : "https://pharmgkb.org/ontologyTerm/alleleFunction/haplotypeTags:1445558512",
          "@context" : "https://api.pharmgkb.org/jsonld/ontologyTerm.jsonld",
          "id" : 1445558512,
          "description" : "for amitriptyline guideline to enter only one CYP gene while the second CYP is set \"Unknown\"",
          "parents" : [ ],
          "resource" : "Allele Function",
          "term" : "Unknown",
          "termId" : "haplotypeTags:1445558512",
          "version" : 0
        },
        "haplotype" : {
          "@id" : "https://pharmgkb.org/haplotype/PA166128218",
          "@context" : "https://api.pharmgkb.org/jsonld/haplotype.jsonld",
          "objCls" : "Haplotype",
          "id" : "PA166128218",
          "symbol" : "CYP3A5*2",
          "name" : "*2",
          "version" : 2
        },
        "version" : 0
      }, {
        "id" : 1449560768,
        "_label" : "*3",
        "function" : {
          "@id" : "https://pharmgkb.org/ontologyTerm/alleleFunction/haplotypeTags:1445558515",
          "@context" : "https://api.pharmgkb.org/jsonld/ontologyTerm.jsonld",
          "id" : 1445558515,
          "parents" : [ ],
          "resource" : "Allele Function",
          "term" : "No function",
          "termId" : "haplotypeTags:1445558515",
          "version" : 1
        },
        "haplotype" : {
          "@id" : "https://pharmgkb.org/haplotype/PA166128219",
          "@context" : "https://api.pharmgkb.org/jsonld/haplotype.jsonld",
          "objCls" : "Haplotype",
          "id" : "PA166128219",
          "symbol" : "CYP3A5*3",
          "name" : "*3",
          "version" : 2
        },
        "version" : 0
      }, {
        "id" : 1449560769,
        "_label" : "*4",
        "function" : {
          "@id" : "https://pharmgkb.org/ontologyTerm/alleleFunction/haplotypeTags:1445558512",
          "@context" : "https://api.pharmgkb.org/jsonld/ontologyTerm.jsonld",
          "id" : 1445558512,
          "description" : "for amitriptyline guideline to enter only one CYP gene while the second CYP is set \"Unknown\"",
          "parents" : [ ],
          "resource" : "Allele Function",
          "term" : "Unknown",
          "termId" : "haplotypeTags:1445558512",
          "version" : 0
        },
        "haplotype" : {
          "@id" : "https://pharmgkb.org/haplotype/PA166128231",
          "@context" : "https://api.pharmgkb.org/jsonld/haplotype.jsonld",
          "objCls" : "Haplotype",
          "id" : "PA166128231",
          "symbol" : "CYP3A5*4",
          "name" : "*4",
          "version" : 2
        },
        "version" : 0
      }, {
        "id" : 1449560770,
        "_label" : "*5",
        "function" : {
          "@id" : "https://pharmgkb.org/ontologyTerm/alleleFunction/haplotypeTags:1445558512",
          "@context" : "https://api.pharmgkb.org/jsonld/ontologyTerm.jsonld",
          "id" : 1445558512,
          "description" : "for amitriptyline guideline to enter only one CYP gene while the second CYP is set \"Unknown\"",
          "parents" : [ ],
          "resource" : "Allele Function",
          "term" : "Unknown",
          "termId" : "haplotypeTags:1445558512",
          "version" : 0
        },
        "haplotype" : {
          "@id" : "https://pharmgkb.org/haplotype/PA166128232",
          "@context" : "https://api.pharmgkb.org/jsonld/haplotype.jsonld",
          "objCls" : "Haplotype",
          "id" : "PA166128232",
          "symbol" : "CYP3A5*5",
          "name" : "*5",
          "version" : 2
        },
        "version" : 0
      }, {
        "id" : 1449560771,
        "_label" : "*6",
        "function" : {
          "@id" : "https://pharmgkb.org/ontologyTerm/alleleFunction/haplotypeTags:1445558515",
          "@context" : "https://api.pharmgkb.org/jsonld/ontologyTerm.jsonld",
          "id" : 1445558515,
          "parents" : [ ],
          "resource" : "Allele Function",
          "term" : "No function",
          "termId" : "haplotypeTags:1445558515",
          "version" : 1
        },
        "haplotype" : {
          "@id" : "https://pharmgkb.org/haplotype/PA166128233",
          "@context" : "https://api.pharmgkb.org/jsonld/haplotype.jsonld",
          "objCls" : "Haplotype",
          "id" : "PA166128233",
          "symbol" : "CYP3A5*6",
          "name" : "*6",
          "version" : 2
        },
        "version" : 0
      }, {
        "id" : 1449560772,
        "_label" : "*7",
        "function" : {
          "@id" : "https://pharmgkb.org/ontologyTerm/alleleFunction/haplotypeTags:1445558515",
          "@context" : "https://api.pharmgkb.org/jsonld/ontologyTerm.jsonld",
          "id" : 1445558515,
          "parents" : [ ],
          "resource" : "Allele Function",
          "term" : "No function",
          "termId" : "haplotypeTags:1445558515",
          "version" : 1
        },
        "haplotype" : {
          "@id" : "https://pharmgkb.org/haplotype/PA166128234",
          "@context" : "https://api.pharmgkb.org/jsonld/haplotype.jsonld",
          "objCls" : "Haplotype",
          "id" : "PA166128234",
          "symbol" : "CYP3A5*7",
          "name" : "*7",
          "version" : 2
        },
        "version" : 0
      }, {
        "id" : 1449560773,
        "_label" : "*8",
        "function" : {
          "@id" : "https://pharmgkb.org/ontologyTerm/alleleFunction/haplotypeTags:1445558512",
          "@context" : "https://api.pharmgkb.org/jsonld/ontologyTerm.jsonld",
          "id" : 1445558512,
          "description" : "for amitriptyline guideline to enter only one CYP gene while the second CYP is set \"Unknown\"",
          "parents" : [ ],
          "resource" : "Allele Function",
          "term" : "Unknown",
          "termId" : "haplotypeTags:1445558512",
          "version" : 0
        },
        "haplotype" : {
          "@id" : "https://pharmgkb.org/haplotype/PA166128235",
          "@context" : "https://api.pharmgkb.org/jsonld/haplotype.jsonld",
          "objCls" : "Haplotype",
          "id" : "PA166128235",
          "symbol" : "CYP3A5*8",
          "name" : "*8",
          "version" : 2
        },
        "version" : 0
      }, {
        "id" : 1449560774,
        "_label" : "*9",
        "function" : {
          "@id" : "https://pharmgkb.org/ontologyTerm/alleleFunction/haplotypeTags:1445558512",
          "@context" : "https://api.pharmgkb.org/jsonld/ontologyTerm.jsonld",
          "id" : 1445558512,
          "description" : "for amitriptyline guideline to enter only one CYP gene while the second CYP is set \"Unknown\"",
          "parents" : [ ],
          "resource" : "Allele Function",
          "term" : "Unknown",
          "termId" : "haplotypeTags:1445558512",
          "version" : 0
        },
        "haplotype" : {
          "@id" : "https://pharmgkb.org/haplotype/PA166128236",
          "@context" : "https://api.pharmgkb.org/jsonld/haplotype.jsonld",
          "objCls" : "Haplotype",
          "id" : "PA166128236",
          "symbol" : "CYP3A5*9",
          "name" : "*9",
          "version" : 2
        },
        "version" : 0
      } ],
      "gene" : {
        "@id" : "https://pharmgkb.org/gene/PA131",
        "@context" : "https://api.pharmgkb.org/jsonld/gene.jsonld",
        "objCls" : "Gene",
        "id" : "PA131",
        "symbol" : "CYP3A5",
        "name" : "cytochrome P450 family 3 subfamily A member 5",
        "version" : 7959
      },
      "version" : 0
    } ],
    "history" : [ {
      "id" : 1445556716,
      "date" : "2015-08-11T00:00:00-07:00",
      "type" : "Approve",
      "version" : 1
    }, {
      "id" : 1450043032,
      "date" : "2018-11-20T09:59:29.307-08:00",
      "description" : "Added link to guideline video",
      "type" : "Update",
      "version" : 0
    } ],
    "literature" : [ {"@id":"https://pharmgkb.org/literature/15087045","@context":"https://api.pharmgkb.org/jsonld/literature.jsonld","id":15087045,"resourceId":"25801146","title":"Clinical Pharmacogenetics Implementation Consortium (CPIC) Guidelines for CYP3A5 Genotype and Tacrolimus Dosing.","_sameAs":"https://www.ncbi.nlm.nih.gov/pmc/articles/PMC4481158","objCls":"Literature","type":"Article","xrefs":[{"@id":"https://pharmgkb.org/crossReference/pmc/PMC4481158","@context":"https://api.pharmgkb.org/jsonld/crossReference.jsonld","id":1449295555,"resource":"PubMed Central","resourceId":"PMC4481158","_url":"https://www.ncbi.nlm.nih.gov/pmc/articles/PMC4481158"},{"@id":"https://pharmgkb.org/crossReference/pubMed/25801146","@context":"https://api.pharmgkb.org/jsonld/crossReference.jsonld","id":1449295554,"resource":"PubMed","resourceId":"25801146","_url":"https://www.ncbi.nlm.nih.gov/pubmed/25801146"},{"@id":"https://pharmgkb.org/crossReference/doi/10.1002/cpt.113","@context":"https://api.pharmgkb.org/jsonld/crossReference.jsonld","id":1449295556,"resource":"DOI","resourceId":"10.1002/cpt.113","_url":"http://dx.doi.org/10.1002%2Fcpt.113"}]}, {"@id":"https://pharmgkb.org/literature/15100924","@context":"https://api.pharmgkb.org/jsonld/literature.jsonld","id":15100924,"resourceId":"https://cpicpgx.org/guidelines/guideline-for-tacrolimus-and-cyp3a5/","title":"CPIC® Guideline for Tacrolimus and CYP3A5 – CPIC","_sameAs":"https://cpicpgx.org/guidelines/guideline-for-tacrolimus-and-cyp3a5/","objCls":"Literature","type":"Web Page","xrefs":[{"@id":"https://pharmgkb.org/crossReference/url/https://cpicpgx.org/guidelines/guideline-for-tacrolimus-and-cyp3a5/","@context":"https://api.pharmgkb.org/jsonld/crossReference.jsonld","id":1447983514,"resource":"URL","resourceId":"https://cpicpgx.org/guidelines/guideline-for-tacrolimus-and-cyp3a5/","_url":"https://cpicpgx.org/guidelines/guideline-for-tacrolimus-and-cyp3a5/"}]} ],
    "recommendation" : true,
    "relatedAlleles" : [ ],
    "relatedChemicals" : [ {
      "@id" : "https://pharmgkb.org/chemical/PA451578",
      "@context" : "https://api.pharmgkb.org/jsonld/chemical.jsonld",
      "objCls" : "Chemical",
      "id" : "PA451578",
      "name" : "tacrolimus",
      "version" : 23
    } ],
    "relatedGenes" : [ {
      "@id" : "https://pharmgkb.org/gene/PA131",
      "@context" : "https://api.pharmgkb.org/jsonld/gene.jsonld",
      "objCls" : "Gene",
      "id" : "PA131",
      "symbol" : "CYP3A5",
      "name" : "cytochrome P450 family 3 subfamily A member 5",
      "version" : 7959
    } ],
    "source" : "Clinical Pharmacogenetics Implementation Consortium",
    "summaryMarkdown" : {
      "id" : 1447982329,
      "html" : "<p>The CPIC dosing guideline for tacrolimus recommends increasing the starting dose by 1.5 to 2 times the recommended starting dose in patients who are CYP3A5 intermediate or extensive metabolizers, though total starting dose should not exceed 0.3 mg/kg/day. Therapeutic drug monitoring should also be used to guide dose adjustments.</p>\n",
      "version" : 0
    },
    "terms" : [ {"@id":"https://pharmgkb.org/ontologyTerm/cpicStatus/cpicStatus:1183847844","@context":"https://api.pharmgkb.org/jsonld/ontologyTerm.jsonld","id":1183847844,"resource":"CPIC Status","term":"A","termId":"cpicStatus:1183847844"} ],
    "textMarkdown" : {
      "id" : 1447982328,
      "html" : "<p>This annotation is based on the <a rel=\"noopener noreferrer\" href=\"https://cpicpgx.org/guidelines/guideline-for-tacrolimus-and-cyp3a5/\" target=\"_blank\">CPIC&reg; guideline for tacrolimus and CYP3A5</a>.</p>\n<h3 id=\"july-2015\">July 2015</h3>\n<p><em>Advanced online publication March 2015</em></p>\n<ul>\n<li>\n<p>Guidelines regarding the use of pharmacogenomic tests in dosing of tacrolimus have been published in Clinical Pharmacology and Therapeutics by the Clinical Pharmacogenetics Implementation Consortium <a rel=\"noopener noreferrer\" href=\"https://cpicpgx.org\" target=\"_blank\">(CPIC)</a>.</p>\n</li>\n<li>\n<p>These guidelines are applicable to:</p>\n<ul>\n<li>Patients undergoing kidney, heart, lung, or hematopoietic stem cell transplant.</li>\n<li>Patients undergoing liver transplant where the donor and recipient <em>CYP3A5</em> genotypes are identical.</li>\n</ul>\n</li>\n<li>\n<p>Excerpts from the 2015 tacrolimus dosing guidelines:</p>\n<ul>\n<li>&quot;Blood concentrations of tacrolimus are strongly influenced by <em>CYP3A5</em> genotype, with substantial evidence linking <em>CYP3A5</em> genotype with phenotypic variability...In kidney, heart and lung transplant patients, over 50 studies have found that individuals with the <em>CYP3A5*1/*1</em> or <em>CYP3A5*1/*3</em> genotype have significantly lower dose-adjusted trough concentrations of tacrolimus as compared to those with the <em>CYP3A5*3/*3</em> genotype...&quot;</li>\n<li>&quot;Those recipients with an extensive or intermediate metabolizer phenotype will generally require an increased dose of tacrolimus to achieve therapeutic drug concentrations. We recommend a dose 1.5 - 2 times higher than standard dosing, but not to exceed 0.3 mg/kg/day, followed by [therapeutic drug monitoring] given the risk of arterial vasoconstriction, hypertension and nephrotoxicity that can occur with supratherapeutic tacrolimus concentrations.&quot;</li>\n</ul>\n</li>\n<li>\n<p>Download and read:</p>\n<ul>\n<li><a rel=\"noopener noreferrer\" href=\"https://cpicpgx.org/content/guideline/publication/tacrolimus/2015/25801146.pdf\" target=\"_blank\">Clinical Pharmacogenetics Implementation Consortium (CPIC) Guidelines for <em>CYP3A5</em> genotypes and Tacrolimus Dosing</a></li>\n<li><a rel=\"noopener noreferrer\" href=\"https://cpicpgx.org/content/guideline/publication/tacrolimus/2015/25801146-supplement.pdf\" target=\"_blank\">2015 Supplement</a></li>\n<li><a rel=\"noopener noreferrer\" href=\"https://cpicpgx.org/content/guideline/publication/tacrolimus/2015/25801146-CYP3A5%20translation%20table.xlsx\" target=\"_blank\">2015 Tacrolimus translation table</a></li>\n<li><a rel=\"noopener noreferrer\" href=\"https://cpicpgx.org/content/guideline/publication/tacrolimus/2015/25801146-CYP3A5%20allele%20frequency%20table.xlsx\" target=\"_blank\">CYP3A5 allele frequency table</a></li>\n</ul>\n</li>\n</ul>\n<h3 id=\"table-1-dosing-recommendations-for-tacrolimus-based-on-cyp3a5-phenotype\">Table 1: Dosing recommendations for tacrolimus based on CYP3A5 phenotype:</h3>\n<p><em>Adapted from Tables 1 and 2 of the 2015 guideline manuscript.</em></p>\n<table class=\"table\">\n<thead>\n<tr><th>Likely phenotype <sup>a</sup></th><th>Genotypes</th><th>Examples of diplotypes <sup>b</sup></th><th>Implications for tacrolimus pharmacologic measures</th><th>Therapeutic Recommendations <sup>c</sup></th><th>Classification of recommendations <sup>e</sup></th></tr>\n</thead>\n<tbody>\n<tr><td>Extensive metabolizer (CYP3A5 expresser)</td><td>An individual carrying two functional alleles</td><td>*1/*1</td><td>Lower dose-adjusted trough concentrations of tacrolimus and decreased chance of achieving target tacrolimus concentrations</td><td>Increase starting dose 1.5 to 2 times recommended starting dose <sup>d</sup>. Total starting dose should not exceed 0.3mg/kg/day. Use therapeutic drug monitoring to guide dose adjustments</td><td>Strong</td></tr>\n<tr><td>Intermediate metabolizer (CYP3A5 expresser)</td><td>An individual carrying one functional allele and one non-functional allele</td><td>*1/*3, *1/*6, *1/*7</td><td>Lower dose-adjusted trough concentrations of tacrolimus and decreased chance of achieving target tacrolimus concentrations</td><td>Increase starting dose 1.5 to 2 times recommended starting dose <sup>d</sup>. Total starting dose should not exceed 0.3mg/kg/day. Use therapeutic drug monitoring to guide dose adjustments</td><td>Strong</td></tr>\n<tr><td>Poor metabolizer (CYP3A5 non-expresser)</td><td>An individual carrying two non-functional alleles</td><td>*3/*3, *6/*6, *7/*7, *3/*6, *3/*7, *6/*7</td><td>Higher (“normal”) dose-adjusted trough concentrations of tacrolimus and increased chance of achieving target tacrolimus concentrations</td><td>Initiate therapy with standard recommended dose. Use therapeutic drug monitoring to guide dose adjustments</td><td>Strong</td></tr>\n</tbody>\n</table>\n<p><sup>a</sup> Typically with other CYP enzymes, an extensive metabolizer would be classified as a “normal” metabolizer, and therefore, the drug dose would not change based on the patient’s genotype. However, in the case of CYP3A5 and tacrolimus, a CYP3A5 expresser (i.e. CYP3A5 extensive metabolizer or intermediate metabolizer) would require a higher recommended starting dose and the CYP3A5 non-expresser (i.e. poor metabolizer) would require the standard recommended starting dose.</p>\n<p><sup>b</sup> Additional rare variants such as <em>CYP3A5*2, *8</em>, and <em>*9</em> may be found which are of unknown functional significance. However, if a copy of <em>*1</em> is present, expected phenotype would be intermediate metabolizer.</p>\n<p><sup>c</sup> This recommendation includes the use of tacrolimus in kidney, heart, lung and hematopoietic stem cell transplant patients, and liver transplant patients where the donor and recipient genotypes are identical.</p>\n<p><sup>d</sup> Further dose adjustments or selection of alternative therapy may be necessary due to other clinical factors (e.g., medication interactions, or hepatic function)</p>\n<p><sup>e</sup> Rating scheme is described in 2015 Supplement.</p>\n",
      "version" : 13
    },
    "userId" : "whaleyr",
    "version" : 32,
    "xrefs" : [ {"@id":"https://pharmgkb.org/crossReference/url/https://cpicpgx.org/guidelines/guideline-for-tacrolimus-and-cyp3a5/","@context":"https://api.pharmgkb.org/jsonld/crossReference.jsonld","id":1447983514,"resource":"URL","resourceId":"https://cpicpgx.org/guidelines/guideline-for-tacrolimus-and-cyp3a5/","_url":"https://cpicpgx.org/guidelines/guideline-for-tacrolimus-and-cyp3a5/"} ]
  }
}