{
  "guideline" : {
    "@id" : "https://pharmgkb.org/guidelineAnnotation/PA166182845",
    "@context" : "https://api.pharmgkb.org/jsonld/guidelineAnnotation.jsonld",
    "objCls" : "Guideline Annotation",
    "id" : "PA166182845",
    "name" : "Annotation of DPWG Guideline for fluvastatin and SLCO1B1",
    "cancerGenome" : false,
    "guidelineGenes" : [ ],
    "history" : [ {
      "id" : 1450415250,
      "date" : "2019-05-27T00:00:00-07:00",
      "description" : "Annotation current with November 2018 DPWG Guideline release",
      "type" : "Create",
      "version" : 0
    }, {
      "id" : 1450820650,
      "date" : "2019-10-03T14:02:27.606-07:00",
      "description" : "No changes based on August 2019 guideline",
      "type" : "Note",
      "version" : 0
    } ],
    "literature" : [ {"@id":"https://pharmgkb.org/literature/15103288","@context":"https://api.pharmgkb.org/jsonld/literature.jsonld","id":15103288,"resourceId":"https://www.knmp.nl/downloads/pharmacogenetic-recommendations-august-2019.pdf","title":"Dutch Pharmacogenetics Working Group Guidelines August 2019","_sameAs":"https://www.knmp.nl/downloads/pharmacogenetic-recommendations-august-2019.pdf","objCls":"Literature","type":"Web Page","xrefs":[{"@id":"https://pharmgkb.org/crossReference/url/https://www.knmp.nl/downloads/pharmacogenetic-recommendations-august-2019.pdf","@context":"https://api.pharmgkb.org/jsonld/crossReference.jsonld","id":1450815695,"resource":"URL","resourceId":"https://www.knmp.nl/downloads/pharmacogenetic-recommendations-august-2019.pdf","_url":"https://www.knmp.nl/downloads/pharmacogenetic-recommendations-august-2019.pdf"}]}, {"@id":"https://pharmgkb.org/literature/15102465","@context":"https://api.pharmgkb.org/jsonld/literature.jsonld","id":15102465,"resourceId":"https://www.knmp.nl/downloads/pharmacogenetic-recommendations-november-2018.pdf","title":"Dutch Pharmacogenetics Working Group Guidelines November 2018","_sameAs":"https://www.knmp.nl/downloads/pharmacogenetic-recommendations-november-2018.pdf","objCls":"Literature","type":"Web Page","xrefs":[{"@id":"https://pharmgkb.org/crossReference/url/https://www.knmp.nl/downloads/pharmacogenetic-recommendations-november-2018.pdf","@context":"https://api.pharmgkb.org/jsonld/crossReference.jsonld","id":1450415575,"resource":"URL","resourceId":"https://www.knmp.nl/downloads/pharmacogenetic-recommendations-november-2018.pdf","_url":"https://www.knmp.nl/downloads/pharmacogenetic-recommendations-november-2018.pdf"}]} ],
    "recommendation" : false,
    "relatedAlleles" : [ {
      "@id" : "https://pharmgkb.org/variant/PA166154579",
      "@context" : "https://api.pharmgkb.org/jsonld/variant.jsonld",
      "objCls" : "Variant",
      "id" : "PA166154579",
      "symbol" : "rs4149056",
      "name" : "rs4149056",
      "version" : 3
    } ],
    "relatedChemicals" : [ {
      "@id" : "https://pharmgkb.org/chemical/PA449688",
      "@context" : "https://api.pharmgkb.org/jsonld/chemical.jsonld",
      "objCls" : "Chemical",
      "id" : "PA449688",
      "name" : "fluvastatin",
      "version" : 19
    } ],
    "relatedGenes" : [ {
      "@id" : "https://pharmgkb.org/gene/PA134865839",
      "@context" : "https://api.pharmgkb.org/jsonld/gene.jsonld",
      "objCls" : "Gene",
      "id" : "PA134865839",
      "symbol" : "SLCO1B1",
      "name" : "solute carrier organic anion transporter family member 1B1",
      "version" : 46
    } ],
    "source" : "Dutch Pharmacogenetics Working Group",
    "summaryMarkdown" : {
      "id" : 1450415248,
      "html" : "<p>There are currently no recommendations for fluvastatin dosing based on SLCO1B1 genotypes.</p>\n",
      "version" : 0
    },
    "terms" : [ ],
    "textMarkdown" : {
      "id" : 1450415249,
      "html" : "<h3 id=\"november-2018-guideline\">November 2018 Guideline</h3>\n<p>The Royal Dutch Pharmacists Association - Pharmacogenetics Working Group (DPWG) has evaluated therapeutic dose recommendations for fluvastatin based on SLCO1B1 genotypes. They conclude that no action is needed for this gene-drug interaction. (See the <a rel=\"noopener noreferrer\" href=\"https://www.knmp.nl/downloads/pharmacogenetic-recommendations-november-2018.pdf\" target=\"_blank\">Dutch guidelines</a>)</p>\n<p><a rel=\"noopener noreferrer\" href=\"https://www.g-standaard.nl/risicoanalyse/B0004060.PDF\" target=\"_blank\">Read for more information about this recommendation</a>, <a rel=\"noopener noreferrer\" href=\"https://www.knmp.nl/producten/gebruiksrecht-g-standaard/medicatiebewaking-g-standaard/background-information-pharmacogenetics\" target=\"_blank\">Read about gene information from DPWG</a></p>\n",
      "version" : 1
    },
    "userId" : "lgong",
    "version" : 2,
    "xrefs" : [ ]
  }
}