{
  "citations" : [ {
    "@id" : "https://pharmgkb.org/literature/15058356",
    "@context" : "https://api.pharmgkb.org/jsonld/literature.jsonld",
    "id" : 15058356,
    "resourceId" : "23695185",
    "title" : "Clinical Pharmacogenetics Implementation Consortium guidelines for HLA-B genotype and carbamazepine dosing.",
    "_sameAs" : "https://www.ncbi.nlm.nih.gov/pmc/articles/PMC3748365",
    "authors" : [ "Leckband S G", "Kelsoe J R", "Dunnenberger H M", "George A L", "Tran E", "Berger R", "Müller D J", "Whirl-Carrillo M", "Caudle K E", "Pirmohamed M", "Clinical Pharmacogenetics Implementation Consortium" ],
    "hasKeyword" : true,
    "journal" : "Clinical pharmacology and therapeutics",
    "meshDiseases" : [ ],
    "meshTerms" : [ "Anticonvulsants", "Carbamazepine", "Cost-Benefit Analysis", "Genetic Testing", "Genetic Variation", "Genotype", "HLA-B Antigens", "Humans", "Risk Assessment" ],
    "month" : 9,
    "nonHuman" : false,
    "objCls" : "Literature",
    "page" : "324-8",
    "pgkbPublication" : true,
    "pubDate" : "2013-09-01T00:00:00-07:00",
    "summary" : "Human leukocyte antigen B (HLA-B) is a gene that encodes a cell surface protein involved in presenting antigens to the immune system. The variant allele HLA-B*15:02 is associated with an increased risk of Stevens-Johnson syndrome (SJS) and toxic epidermal necrolysis (TEN) in response to carbamazepine treatment. We summarize evidence from the published literature supporting this association and provide recommendations for the use of carbamazepine based on HLA-B genotype (also available on PharmGKB: http://www.pharmgkb.org). The purpose of this article is to provide information to allow the interpretation of clinical HLA-B*15:02 genotype tests so that the results can be used to guide the use of carbamazepine. The guideline provides recommendations for the use of carbamazepine when HLA-B*15:02 genotype results are available. Detailed guidelines regarding the selection of alternative therapies, the use of phenotypic tests, when to conduct genotype testing, and cost-effectiveness analyses are beyond the scope of this document. Clinical Pharmacogenetics Implementation Consortium (CPIC) guidelines are published and updated periodically on the PharmGKB website at (http://www.pharmgkb.org).",
    "type" : "Article",
    "version" : 6,
    "volume" : "94",
    "xrefs" : [ {"@id":"https://pharmgkb.org/crossReference/pmc/PMC3748365","@context":"https://api.pharmgkb.org/jsonld/crossReference.jsonld","id":1449276532,"resource":"PubMed Central","resourceId":"PMC3748365","_url":"https://www.ncbi.nlm.nih.gov/pmc/articles/PMC3748365"}, {"@id":"https://pharmgkb.org/crossReference/pubMed/23695185","@context":"https://api.pharmgkb.org/jsonld/crossReference.jsonld","id":1449276531,"resource":"PubMed","resourceId":"23695185","_url":"https://www.ncbi.nlm.nih.gov/pubmed/23695185"}, {"@id":"https://pharmgkb.org/crossReference/doi/10.1038/clpt.2013.103","@context":"https://api.pharmgkb.org/jsonld/crossReference.jsonld","id":1449276533,"resource":"DOI","resourceId":"10.1038/clpt.2013.103","_url":"http://dx.doi.org/10.1038%2Fclpt.2013.103"} ],
    "year" : 2013
  } ],
  "guideline" : {
    "@id" : "https://pharmgkb.org/guidelineAnnotation/PA166176623",
    "@context" : "https://api.pharmgkb.org/jsonld/guidelineAnnotation.jsonld",
    "objCls" : "Guideline Annotation",
    "id" : "PA166176623",
    "name" : "Annotation of CPIC Guideline for oxcarbazepine and HLA-B",
    "cancerGenome" : false,
    "descriptiveVideoId" : "AFD2W7ugz2I",
    "guidelineGenes" : [ {
      "id" : 1449560816,
      "alleles" : [ {
        "id" : 1449560817,
        "_label" : "Other",
        "allele" : "Other",
        "function" : {
          "@id" : "https://pharmgkb.org/ontologyTerm/alleleFunction/haplotypeTags:1445558334",
          "@context" : "https://api.pharmgkb.org/jsonld/ontologyTerm.jsonld",
          "id" : 1445558334,
          "parents" : [ ],
          "resource" : "Allele Function",
          "term" : "Absence",
          "termId" : "haplotypeTags:1445558334",
          "version" : 0
        },
        "version" : 0
      }, {
        "id" : 1449560818,
        "_label" : "*15:02:01",
        "function" : {
          "@id" : "https://pharmgkb.org/ontologyTerm/alleleFunction/haplotypeTags:1445558333",
          "@context" : "https://api.pharmgkb.org/jsonld/ontologyTerm.jsonld",
          "id" : 1445558333,
          "parents" : [ ],
          "resource" : "Allele Function",
          "term" : "Presence",
          "termId" : "haplotypeTags:1445558333",
          "version" : 0
        },
        "haplotype" : {
          "@id" : "https://pharmgkb.org/haplotype/PA165954769",
          "@context" : "https://api.pharmgkb.org/jsonld/haplotype.jsonld",
          "objCls" : "Haplotype",
          "id" : "PA165954769",
          "symbol" : "HLA-B*15:02:01",
          "name" : "*15:02:01",
          "version" : 2
        },
        "version" : 0
      } ],
      "gene" : {
        "@id" : "https://pharmgkb.org/gene/PA35056",
        "@context" : "https://api.pharmgkb.org/jsonld/gene.jsonld",
        "objCls" : "Gene",
        "id" : "PA35056",
        "symbol" : "HLA-B",
        "name" : "major histocompatibility complex, class I, B",
        "version" : 40
      },
      "version" : 0
    } ],
    "history" : [ {
      "id" : 1449167601,
      "date" : "2018-02-07T22:43:45.748-08:00",
      "description" : "guideline added",
      "type" : "Update",
      "version" : 0
    }, {
      "id" : 1450372858,
      "date" : "2019-03-20T14:12:21.385-07:00",
      "description" : "Added link to guideline video",
      "type" : "Update",
      "version" : 0
    } ],
    "literature" : [ {"@id":"https://pharmgkb.org/literature/15100356","@context":"https://api.pharmgkb.org/jsonld/literature.jsonld","id":15100356,"resourceId":"29392710","title":"Clinical Pharmacogenetics Implementation Consortium Guideline for HLA Genotype and Use of Carbamazepine and Oxcarbazepine: 2017 Update.","_sameAs":"https://www.ncbi.nlm.nih.gov/pmc/articles/PMC5847474","objCls":"Literature","type":"Article","xrefs":[{"@id":"https://pharmgkb.org/crossReference/pmc/PMC5847474","@context":"https://api.pharmgkb.org/jsonld/crossReference.jsonld","id":1449292006,"resource":"PubMed Central","resourceId":"PMC5847474","_url":"https://www.ncbi.nlm.nih.gov/pmc/articles/PMC5847474"},{"@id":"https://pharmgkb.org/crossReference/pubMed/29392710","@context":"https://api.pharmgkb.org/jsonld/crossReference.jsonld","id":1449292005,"resource":"PubMed","resourceId":"29392710","_url":"https://www.ncbi.nlm.nih.gov/pubmed/29392710"},{"@id":"https://pharmgkb.org/crossReference/doi/10.1002/cpt.1004","@context":"https://api.pharmgkb.org/jsonld/crossReference.jsonld","id":1449292007,"resource":"DOI","resourceId":"10.1002/cpt.1004","_url":"http://dx.doi.org/10.1002%2Fcpt.1004"}]}, {"@id":"https://pharmgkb.org/literature/15100921","@context":"https://api.pharmgkb.org/jsonld/literature.jsonld","id":15100921,"resourceId":"https://cpicpgx.org/guidelines/guideline-for-carbamazepine-and-hla-b/","title":"CPIC® Guideline for HLA genotype and Use of Carbamazepine and Oxcarbazepine – CPIC","_sameAs":"https://cpicpgx.org/guidelines/guideline-for-carbamazepine-and-hla-b/","objCls":"Literature","type":"Web Page","xrefs":[{"@id":"https://pharmgkb.org/crossReference/url/https://cpicpgx.org/guidelines/guideline-for-carbamazepine-and-hla-b/","@context":"https://api.pharmgkb.org/jsonld/crossReference.jsonld","id":1447983473,"resource":"URL","resourceId":"https://cpicpgx.org/guidelines/guideline-for-carbamazepine-and-hla-b/","_url":"https://cpicpgx.org/guidelines/guideline-for-carbamazepine-and-hla-b/"}]} ],
    "recommendation" : true,
    "relatedAlleles" : [ ],
    "relatedChemicals" : [ {
      "@id" : "https://pharmgkb.org/chemical/PA450732",
      "@context" : "https://api.pharmgkb.org/jsonld/chemical.jsonld",
      "objCls" : "Chemical",
      "id" : "PA450732",
      "name" : "oxcarbazepine",
      "version" : 5
    } ],
    "relatedGenes" : [ {
      "@id" : "https://pharmgkb.org/gene/PA35056",
      "@context" : "https://api.pharmgkb.org/jsonld/gene.jsonld",
      "objCls" : "Gene",
      "id" : "PA35056",
      "symbol" : "HLA-B",
      "name" : "major histocompatibility complex, class I, B",
      "version" : 40
    } ],
    "source" : "Clinical Pharmacogenetics Implementation Consortium",
    "summaryMarkdown" : {
      "id" : 1449163680,
      "html" : "<p>The CPIC Dosing Guideline for oxcarbazepine recommends an alternative drug for oxcarbazepine-naive patients carrying at least one copy of <em>HLA-B*15:02</em> due to the association of this allele with an increased risk of Stevens-Johnson syndrome (SJS) and toxic epidermal necrolysis (TEN).</p>\n",
      "version" : 0
    },
    "terms" : [ {"@id":"https://pharmgkb.org/ontologyTerm/cpicStatus/cpicStatus:1183847844","@context":"https://api.pharmgkb.org/jsonld/ontologyTerm.jsonld","id":1183847844,"resource":"CPIC Status","term":"A","termId":"cpicStatus:1183847844"} ],
    "textMarkdown" : {
      "id" : 1449163940,
      "html" : "<p>This annotation is based on the <a rel=\"noopener noreferrer\" href=\"https://cpicpgx.org/guidelines/guideline-for-carbamazepine-and-hla-b/\" target=\"_blank\">CPIC&reg; guideline for oxcarbazepine and <em>HLA-B</em></a>.</p>\n<h3 id=\"december-2017\">December 2017</h3>\n<p><em>Accepted article preview online January 2018; Advance online publication February 2018.</em></p>\n<ul>\n<li>The 2017 update of CPIC guidelines regarding the use of pharmacogenomic tests in dosing of carbamazepine expanded to include information on pharmacogenomic tests in dosing of oxcarbazepine. The updated guidelines were published in Clinical Pharmacology and Therapeutics by the Clinical Pharmacogenetics Implementation Consortium (CPIC). Literature up to June 2016 was reviewed, recommendations and supplemental information were updated.</li>\n<li>Excerpts from the 2017 dosing guideline update:\n<ul>\n<li>&quot;There is evidence linking <em>HLA-B*15:02</em> genotype with the risk of carbamazepine- and oxcarbazepine-induced SJS/TEN.&quot;</li>\n<li>&quot;Data describing the relationship between <em>HLA-B*15:02</em> and <em>HLA-A*31:01</em> genotype and carbamazepine- or oxcarbazepine-induced cutaneous adverse reactions in pediatric patients are scarce. In the absence of data suggesting a different relationship between these <em>HLA</em> alleles and drug-induced hypersensitivity in pediatric patients, the recommendations may be used to guide use of carbamazepine and oxcarbazepine in both adult and pediatric patients.&quot;</li>\n</ul>\n</li>\n<li>Download and read:\n<ul>\n<li><a rel=\"noopener noreferrer\" href=\"https://cpicpgx.org/content/guideline/publication/carbamazepine/2017/CPIC_HLA_CBZ_OXC.pdf\" target=\"_blank\">Clinical Pharmacogenetics Implementation Consortium (CPIC) Guideline for <em>HLA</em> Genotype and Use of Carbamazepine and Oxcarbazepine: 2017 Update</a></li>\n<li><a rel=\"noopener noreferrer\" href=\"https://cpicpgx.org/content/guideline/publication/carbamazepine/2017/CPIC_HLA_CBZ_OXC_Supplemental_Material.pdf\" target=\"_blank\">2017 supplement</a></li>\n<li><a href=\"https://www.pharmgkb.org/page/hlabRefMaterials\">HLA Gene-Specific Information Tables</a></li>\n<li><a rel=\"noopener noreferrer\" href=\"https://cpicpgx.org/content/guideline/publication/carbamazepine/Oxcarbazepine_Drug_Resource_Mappings.xlsx\" target=\"_blank\">Oxcarbazepine Drug Resource Mappings</a></li>\n<li><a rel=\"noopener noreferrer\" href=\"https://cpicpgx.org/content/guideline/publication/carbamazepine/CBZ_OXC_Pre_and_Post_Test_Alerts_and_Flow_Chart.xlsx\" target=\"_blank\">Carbamazepine and Oxcarbazepine Pre and Post Tests Alerts and Flow Chart</a></li>\n</ul>\n</li>\n</ul>\n<h3 id=\"table-1-oxcarbazepine-therapy-recommendations-based-on-hla-b-genotype\">Table 1: Oxcarbazepine therapy recommendations based on <em>HLA-B</em> genotype</h3>\n<p><em>Adapted from Tables 1 and 3 of the 2017 guideline update.</em></p>\n<table class=\"table\">\n<thead>\n<tr><th>Likely phenotype</th><th>Genotypes</th><th>Examples of Diplotypes</th><th>Phenotypic Implications</th><th>Therapeutic Recommendations</th><th>Classification of Recommendation <sup>a</sup></th><th>Considerations for other aromatic anticonvulsants</th></tr>\n</thead>\n<tbody>\n<tr><td>Homozygous for alleles other than <em>HLA-B*15:02</em></td><td>Non-carrier of <em>HLA-B*15:02</em>.  No <em>HLA-B*15:02</em> alleles reported, often reported as &quot;negative&quot; on genotyping tests.</td><td>*X/*X <sup>b</sup></td><td>Normal or reduced risk of oxcarbazepine-induced SJS/TEN.</td><td>Use oxcarbazepine per standard dosing guidelines.</td><td>Strong</td><td></td></tr>\n<tr><td>Heterozygote or homozygous for <em>HLA-B*15:02</em></td><td>Carrier of <em>HLA-B*15:02</em>.  One or two <em>*15:02</em> alleles, often reported as &quot;positive&quot; on a genotyping test.</td><td><em>*15:02</em>/*X <sup>b</sup><br/><em>*15:02</em>/<em>*15:02</em></td><td>Increased risk of oxcarbazepine-induced SJS/TEN</td><td>A. If patient is oxcarbazepine-naive, do not use oxcarbazepine.<br/>B. The latency period for drug-induced SJS/TEN is short with continuous dosing and adherance to therapy (~4-28 days), and cases usually occur within 3 months of dosing; therefore, if the patient has previously used oxcarbazepine consistently for longer than 3 months without incidence of cutaneous adverse reactions, cautiously consider use of oxcarbazepine in the future.</td><td>A. Strong<br/>B. Optional</td><td>A. Other aromatic anticonvulsants (e.g. eslicarbazepine, lamotrigine, phenytoin, fosphenytoin and phenoarbital) have weaker evidence linking SJS/TEN with the <em>HLA-B*15:02</em> allele; however, caution should still be used in choosing an alternative agent.<br/>B. Previous tolerance of oxcarbazepine is not indicative of tolerance to other aromatic anticonvulsants.</td></tr>\n</tbody>\n</table>\n<p><sup>a</sup> Rating scheme described in the 2017 update supplement (see above)</p>\n<p><sup>b</sup> *X = any <em>HLA-B</em> genotype other than <em>*15:02</em></p>\n<p><em>HLA-B</em> = human leukocyte antigen B</p>\n",
      "version" : 10
    },
    "userId" : "whaleyr",
    "version" : 14,
    "xrefs" : [ {"@id":"https://pharmgkb.org/crossReference/url/https://cpicpgx.org/guidelines/guideline-for-carbamazepine-and-hla-b/","@context":"https://api.pharmgkb.org/jsonld/crossReference.jsonld","id":1447983473,"resource":"URL","resourceId":"https://cpicpgx.org/guidelines/guideline-for-carbamazepine-and-hla-b/","_url":"https://cpicpgx.org/guidelines/guideline-for-carbamazepine-and-hla-b/"} ]
  }
}