{
  "guideline" : {
    "@id" : "https://pharmgkb.org/guidelineAnnotation/PA166182843",
    "@context" : "https://api.pharmgkb.org/jsonld/guidelineAnnotation.jsonld",
    "objCls" : "Guideline Annotation",
    "id" : "PA166182843",
    "name" : "Annotation of DPWG Guideline for atorvastatin and SLCO1B1",
    "cancerGenome" : false,
    "guidelineGenes" : [ ],
    "history" : [ {
      "id" : 1450415243,
      "date" : "2019-05-27T00:00:00-07:00",
      "description" : "Annotation current with November 2018 DPWG Guideline release",
      "type" : "Create",
      "version" : 0
    }, {
      "id" : 1450820770,
      "date" : "2019-10-06T21:39:33.327-07:00",
      "description" : "No changes based on August 2019 guideline",
      "type" : "Update",
      "version" : 0
    } ],
    "literature" : [ {"@id":"https://pharmgkb.org/literature/15103288","@context":"https://api.pharmgkb.org/jsonld/literature.jsonld","id":15103288,"resourceId":"https://www.knmp.nl/downloads/pharmacogenetic-recommendations-august-2019.pdf","title":"Dutch Pharmacogenetics Working Group Guidelines August 2019","_sameAs":"https://www.knmp.nl/downloads/pharmacogenetic-recommendations-august-2019.pdf","objCls":"Literature","type":"Web Page","xrefs":[{"@id":"https://pharmgkb.org/crossReference/url/https://www.knmp.nl/downloads/pharmacogenetic-recommendations-august-2019.pdf","@context":"https://api.pharmgkb.org/jsonld/crossReference.jsonld","id":1450815695,"resource":"URL","resourceId":"https://www.knmp.nl/downloads/pharmacogenetic-recommendations-august-2019.pdf","_url":"https://www.knmp.nl/downloads/pharmacogenetic-recommendations-august-2019.pdf"}]}, {"@id":"https://pharmgkb.org/literature/15102465","@context":"https://api.pharmgkb.org/jsonld/literature.jsonld","id":15102465,"resourceId":"https://www.knmp.nl/downloads/pharmacogenetic-recommendations-november-2018.pdf","title":"Dutch Pharmacogenetics Working Group Guidelines November 2018","_sameAs":"https://www.knmp.nl/downloads/pharmacogenetic-recommendations-november-2018.pdf","objCls":"Literature","type":"Web Page","xrefs":[{"@id":"https://pharmgkb.org/crossReference/url/https://www.knmp.nl/downloads/pharmacogenetic-recommendations-november-2018.pdf","@context":"https://api.pharmgkb.org/jsonld/crossReference.jsonld","id":1450415575,"resource":"URL","resourceId":"https://www.knmp.nl/downloads/pharmacogenetic-recommendations-november-2018.pdf","_url":"https://www.knmp.nl/downloads/pharmacogenetic-recommendations-november-2018.pdf"}]} ],
    "recommendation" : true,
    "relatedAlleles" : [ {
      "@id" : "https://pharmgkb.org/variant/PA166154579",
      "@context" : "https://api.pharmgkb.org/jsonld/variant.jsonld",
      "objCls" : "Variant",
      "id" : "PA166154579",
      "symbol" : "rs4149056",
      "name" : "rs4149056",
      "version" : 3
    } ],
    "relatedChemicals" : [ {
      "@id" : "https://pharmgkb.org/chemical/PA448500",
      "@context" : "https://api.pharmgkb.org/jsonld/chemical.jsonld",
      "objCls" : "Chemical",
      "id" : "PA448500",
      "name" : "atorvastatin",
      "version" : 19
    } ],
    "relatedGenes" : [ {
      "@id" : "https://pharmgkb.org/gene/PA134865839",
      "@context" : "https://api.pharmgkb.org/jsonld/gene.jsonld",
      "objCls" : "Gene",
      "id" : "PA134865839",
      "symbol" : "SLCO1B1",
      "name" : "solute carrier organic anion transporter family member 1B1",
      "version" : 46
    } ],
    "source" : "Dutch Pharmacogenetics Working Group",
    "summaryMarkdown" : {
      "id" : 1450415241,
      "html" : "<p>Choose an alternative for patients with the SLCO1B1 521 CC or TC (rs4149056) genotype and with ADDITIONAL SIGNIFICANT RISK FACTORS for statin-induced myopathy. For patients without additional significant risk factors for statin-induced myopathy, advise the patients to contact their doctor in the event of muscle symptoms.</p>\n",
      "version" : 0
    },
    "terms" : [ ],
    "textMarkdown" : {
      "id" : 1450415242,
      "html" : "<h3 id=\"november-2018-guideline\">November 2018 Guideline</h3>\n<p>The Royal Dutch Pharmacists Association - Pharmacogenetics Working Group has evaluated therapeutic dose recommendations for atorvastatin based on SLCO1B1 genotype.  They recommend choosing an alternative for patients with the SLCO1B1 521 CC or TC (rs4149056) genotype and with ADDITIONAL SIGNIFICANT RISK FACTORS for statin-induced myopathy. For patients without additional significant risk factors for statin-induced myopathy, they advise contacting their doctor in the event of muscle symptoms.</p>\n<p><em>Wording in table taken from <a rel=\"noopener noreferrer\" href=\"https://www.knmp.nl/downloads/pharmacogenetic-recommendations-november-2018.pdf\" target=\"_blank\">Dutch guidelines</a></em></p>\n<table class=\"table\">\n<thead>\n<tr><th>Allele/Genotype/Phenotype</th><th>Drug</th><th>Description</th><th>Recommendation</th></tr>\n</thead>\n<tbody>\n<tr><td>512 CC</td><td>atorvastatin</td><td>The genetic polymorphism may lead to reduced atorvastatin transport to the liver. This may increase atorvastatin plasma concentrations and therefore the risk of myopathy.</td><td>- Patient has ADDITIONAL SIGNIFICANT RISK FACTORS for statin-induced myopathy:<br/>1. Choose an alternative. Rosuvastatin and pravastatin are influenced to a similar extent by SLCO1B1 polymorphisms but are not influenced by CYP3A4 inhibitors such as amiodarone, verapamil and diltiazem. Fluvastatin is not influenced by SLCO1B1 polymorphisms or CYP3A4 inhibitors.<br/>2. If an alternative is not an option: advise the patient to contact their doctor in the event of muscle symptoms.<br/>- Patient has NO additional significant risk factors for statin-induced myopathy:<br/>1. Advise the patient to contact their doctor in the event of muscle symptoms.</td></tr>\n<tr><td>512 TC</td><td>atorvastatin</td><td>The genetic polymorphism may lead to reduced atorvastatin transport to the liver. This may increase atorvastatin plasma concentrations and therefore the risk of myopathy.</td><td>- Patient has ADDITIONAL SIGNIFICANT RISK FACTORS for statin-induced myopathy:<br/>1. Choose an alternative. Rosuvastatin and pravastatin are influenced to a similar extent by SLCO1B1 polymorphisms but are not influenced by CYP3A4 inhibitors such as amiodarone, verapamil and diltiazem. Fluvastatin is not influenced by SLCO1B1 polymorphisms or CYP3A4 inhibitors.<br/>2. If an alternative is not an option: advise the patient to contact their doctor in the event of muscle symptoms.<br/>- Patient has NO additional significant risk factors for statin-induced myopathy:<br/>1. Advise the patient to contact their doctor in the event of muscle symptoms.</td></tr>\n</tbody>\n</table>\n<p><a rel=\"noopener noreferrer\" href=\"https://www.g-standaard.nl/risicoanalyse/B0004058.PDF\" target=\"_blank\">Read for more information about this recommendation</a>, <a rel=\"noopener noreferrer\" href=\"https://www.knmp.nl/producten/gebruiksrecht-g-standaard/medicatiebewaking-g-standaard/background-information-pharmacogenetics\" target=\"_blank\">Read about gene information from DPWG</a></p>\n",
      "version" : 1
    },
    "userId" : "lgong",
    "version" : 1,
    "xrefs" : [ ]
  }
}