{
  "guideline" : {
    "@id" : "https://pharmgkb.org/guidelineAnnotation/PA166182603",
    "@context" : "https://api.pharmgkb.org/jsonld/guidelineAnnotation.jsonld",
    "objCls" : "Guideline Annotation",
    "id" : "PA166182603",
    "name" : "Annotation of CPIC Guideline for efavirenz and CYP2B6",
    "cancerGenome" : false,
    "descriptiveVideoId" : "n0ub1TWSjJ8",
    "guidelineGenes" : [ {
      "id" : 1450396143,
      "alleles" : [ {
        "id" : 1450396144,
        "_label" : "*1",
        "function" : {
          "@id" : "https://pharmgkb.org/ontologyTerm/alleleFunction/haplotypeTags:1445558335",
          "@context" : "https://api.pharmgkb.org/jsonld/ontologyTerm.jsonld",
          "id" : 1445558335,
          "parents" : [ ],
          "resource" : "Allele Function",
          "term" : "Normal function",
          "termId" : "haplotypeTags:1445558335",
          "version" : 1
        },
        "haplotype" : {
          "@id" : "https://pharmgkb.org/haplotype/PA165818750",
          "@context" : "https://api.pharmgkb.org/jsonld/haplotype.jsonld",
          "objCls" : "Haplotype",
          "id" : "PA165818750",
          "symbol" : "CYP2B6*1",
          "name" : "*1",
          "version" : 5
        },
        "version" : 0
      }, {
        "id" : 1450396145,
        "_label" : "*2",
        "function" : {
          "@id" : "https://pharmgkb.org/ontologyTerm/alleleFunction/haplotypeTags:1445558335",
          "@context" : "https://api.pharmgkb.org/jsonld/ontologyTerm.jsonld",
          "id" : 1445558335,
          "parents" : [ ],
          "resource" : "Allele Function",
          "term" : "Normal function",
          "termId" : "haplotypeTags:1445558335",
          "version" : 1
        },
        "haplotype" : {
          "@id" : "https://pharmgkb.org/haplotype/PA165818753",
          "@context" : "https://api.pharmgkb.org/jsonld/haplotype.jsonld",
          "objCls" : "Haplotype",
          "id" : "PA165818753",
          "symbol" : "CYP2B6*2",
          "name" : "*2",
          "version" : 5
        },
        "version" : 0
      }, {
        "id" : 1450396146,
        "_label" : "*3",
        "function" : {
          "@id" : "https://pharmgkb.org/ontologyTerm/alleleFunction/haplotypeTags:1448531118",
          "@context" : "https://api.pharmgkb.org/jsonld/ontologyTerm.jsonld",
          "id" : 1448531118,
          "parents" : [ ],
          "resource" : "Allele Function",
          "term" : "Uncertain function",
          "termId" : "haplotypeTags:1448531118",
          "version" : 1
        },
        "haplotype" : {
          "@id" : "https://pharmgkb.org/haplotype/PA165818756",
          "@context" : "https://api.pharmgkb.org/jsonld/haplotype.jsonld",
          "objCls" : "Haplotype",
          "id" : "PA165818756",
          "symbol" : "CYP2B6*3",
          "name" : "*3",
          "version" : 5
        },
        "version" : 0
      }, {
        "id" : 1450396147,
        "_label" : "*4",
        "function" : {
          "@id" : "https://pharmgkb.org/ontologyTerm/alleleFunction/haplotypeTags:1445558332",
          "@context" : "https://api.pharmgkb.org/jsonld/ontologyTerm.jsonld",
          "id" : 1445558332,
          "parents" : [ ],
          "resource" : "Allele Function",
          "term" : "Increased function",
          "termId" : "haplotypeTags:1445558332",
          "version" : 1
        },
        "haplotype" : {
          "@id" : "https://pharmgkb.org/haplotype/PA165818757",
          "@context" : "https://api.pharmgkb.org/jsonld/haplotype.jsonld",
          "objCls" : "Haplotype",
          "id" : "PA165818757",
          "symbol" : "CYP2B6*4",
          "name" : "*4",
          "version" : 5
        },
        "version" : 0
      }, {
        "id" : 1450396148,
        "_label" : "*5",
        "function" : {
          "@id" : "https://pharmgkb.org/ontologyTerm/alleleFunction/haplotypeTags:1445558335",
          "@context" : "https://api.pharmgkb.org/jsonld/ontologyTerm.jsonld",
          "id" : 1445558335,
          "parents" : [ ],
          "resource" : "Allele Function",
          "term" : "Normal function",
          "termId" : "haplotypeTags:1445558335",
          "version" : 1
        },
        "haplotype" : {
          "@id" : "https://pharmgkb.org/haplotype/PA165818760",
          "@context" : "https://api.pharmgkb.org/jsonld/haplotype.jsonld",
          "objCls" : "Haplotype",
          "id" : "PA165818760",
          "symbol" : "CYP2B6*5",
          "name" : "*5",
          "version" : 5
        },
        "version" : 0
      }, {
        "id" : 1450396149,
        "_label" : "*6",
        "function" : {
          "@id" : "https://pharmgkb.org/ontologyTerm/alleleFunction/haplotypeTags:1445558331",
          "@context" : "https://api.pharmgkb.org/jsonld/ontologyTerm.jsonld",
          "id" : 1445558331,
          "parents" : [ ],
          "resource" : "Allele Function",
          "term" : "Decreased function",
          "termId" : "haplotypeTags:1445558331",
          "version" : 1
        },
        "haplotype" : {
          "@id" : "https://pharmgkb.org/haplotype/PA165818762",
          "@context" : "https://api.pharmgkb.org/jsonld/haplotype.jsonld",
          "objCls" : "Haplotype",
          "id" : "PA165818762",
          "symbol" : "CYP2B6*6",
          "name" : "*6",
          "version" : 6
        },
        "version" : 0
      }, {
        "id" : 1450396150,
        "_label" : "*7",
        "function" : {
          "@id" : "https://pharmgkb.org/ontologyTerm/alleleFunction/haplotypeTags:1445558331",
          "@context" : "https://api.pharmgkb.org/jsonld/ontologyTerm.jsonld",
          "id" : 1445558331,
          "parents" : [ ],
          "resource" : "Allele Function",
          "term" : "Decreased function",
          "termId" : "haplotypeTags:1445558331",
          "version" : 1
        },
        "haplotype" : {
          "@id" : "https://pharmgkb.org/haplotype/PA165818765",
          "@context" : "https://api.pharmgkb.org/jsonld/haplotype.jsonld",
          "objCls" : "Haplotype",
          "id" : "PA165818765",
          "symbol" : "CYP2B6*7",
          "name" : "*7",
          "version" : 5
        },
        "version" : 0
      }, {
        "id" : 1450396151,
        "_label" : "*8",
        "function" : {
          "@id" : "https://pharmgkb.org/ontologyTerm/alleleFunction/haplotypeTags:1445558515",
          "@context" : "https://api.pharmgkb.org/jsonld/ontologyTerm.jsonld",
          "id" : 1445558515,
          "parents" : [ ],
          "resource" : "Allele Function",
          "term" : "No function",
          "termId" : "haplotypeTags:1445558515",
          "version" : 1
        },
        "haplotype" : {
          "@id" : "https://pharmgkb.org/haplotype/PA165818767",
          "@context" : "https://api.pharmgkb.org/jsonld/haplotype.jsonld",
          "objCls" : "Haplotype",
          "id" : "PA165818767",
          "symbol" : "CYP2B6*8",
          "name" : "*8",
          "version" : 5
        },
        "version" : 0
      }, {
        "id" : 1450396152,
        "_label" : "*9",
        "function" : {
          "@id" : "https://pharmgkb.org/ontologyTerm/alleleFunction/haplotypeTags:1445558331",
          "@context" : "https://api.pharmgkb.org/jsonld/ontologyTerm.jsonld",
          "id" : 1445558331,
          "parents" : [ ],
          "resource" : "Allele Function",
          "term" : "Decreased function",
          "termId" : "haplotypeTags:1445558331",
          "version" : 1
        },
        "haplotype" : {
          "@id" : "https://pharmgkb.org/haplotype/PA165818807",
          "@context" : "https://api.pharmgkb.org/jsonld/haplotype.jsonld",
          "objCls" : "Haplotype",
          "id" : "PA165818807",
          "symbol" : "CYP2B6*9",
          "name" : "*9",
          "version" : 5
        },
        "version" : 0
      }, {
        "id" : 1450396153,
        "_label" : "*10",
        "function" : {
          "@id" : "https://pharmgkb.org/ontologyTerm/alleleFunction/haplotypeTags:1448531118",
          "@context" : "https://api.pharmgkb.org/jsonld/ontologyTerm.jsonld",
          "id" : 1448531118,
          "parents" : [ ],
          "resource" : "Allele Function",
          "term" : "Uncertain function",
          "termId" : "haplotypeTags:1448531118",
          "version" : 1
        },
        "haplotype" : {
          "@id" : "https://pharmgkb.org/haplotype/PA165818768",
          "@context" : "https://api.pharmgkb.org/jsonld/haplotype.jsonld",
          "objCls" : "Haplotype",
          "id" : "PA165818768",
          "symbol" : "CYP2B6*10",
          "name" : "*10",
          "version" : 5
        },
        "version" : 0
      }, {
        "id" : 1450396154,
        "_label" : "*11",
        "function" : {
          "@id" : "https://pharmgkb.org/ontologyTerm/alleleFunction/haplotypeTags:1448531118",
          "@context" : "https://api.pharmgkb.org/jsonld/ontologyTerm.jsonld",
          "id" : 1448531118,
          "parents" : [ ],
          "resource" : "Allele Function",
          "term" : "Uncertain function",
          "termId" : "haplotypeTags:1448531118",
          "version" : 1
        },
        "haplotype" : {
          "@id" : "https://pharmgkb.org/haplotype/PA165818770",
          "@context" : "https://api.pharmgkb.org/jsonld/haplotype.jsonld",
          "objCls" : "Haplotype",
          "id" : "PA165818770",
          "symbol" : "CYP2B6*11",
          "name" : "*11",
          "version" : 5
        },
        "version" : 0
      }, {
        "id" : 1450396155,
        "_label" : "*12",
        "function" : {
          "@id" : "https://pharmgkb.org/ontologyTerm/alleleFunction/haplotypeTags:1445558515",
          "@context" : "https://api.pharmgkb.org/jsonld/ontologyTerm.jsonld",
          "id" : 1445558515,
          "parents" : [ ],
          "resource" : "Allele Function",
          "term" : "No function",
          "termId" : "haplotypeTags:1445558515",
          "version" : 1
        },
        "haplotype" : {
          "@id" : "https://pharmgkb.org/haplotype/PA165818772",
          "@context" : "https://api.pharmgkb.org/jsonld/haplotype.jsonld",
          "objCls" : "Haplotype",
          "id" : "PA165818772",
          "symbol" : "CYP2B6*12",
          "name" : "*12",
          "version" : 5
        },
        "version" : 0
      }, {
        "id" : 1450396156,
        "_label" : "*13",
        "function" : {
          "@id" : "https://pharmgkb.org/ontologyTerm/alleleFunction/haplotypeTags:1445558515",
          "@context" : "https://api.pharmgkb.org/jsonld/ontologyTerm.jsonld",
          "id" : 1445558515,
          "parents" : [ ],
          "resource" : "Allele Function",
          "term" : "No function",
          "termId" : "haplotypeTags:1445558515",
          "version" : 1
        },
        "haplotype" : {
          "@id" : "https://pharmgkb.org/haplotype/PA165818773",
          "@context" : "https://api.pharmgkb.org/jsonld/haplotype.jsonld",
          "objCls" : "Haplotype",
          "id" : "PA165818773",
          "symbol" : "CYP2B6*13",
          "name" : "*13",
          "version" : 5
        },
        "version" : 0
      }, {
        "id" : 1450396157,
        "_label" : "*14",
        "function" : {
          "@id" : "https://pharmgkb.org/ontologyTerm/alleleFunction/haplotypeTags:1448531118",
          "@context" : "https://api.pharmgkb.org/jsonld/ontologyTerm.jsonld",
          "id" : 1448531118,
          "parents" : [ ],
          "resource" : "Allele Function",
          "term" : "Uncertain function",
          "termId" : "haplotypeTags:1448531118",
          "version" : 1
        },
        "haplotype" : {
          "@id" : "https://pharmgkb.org/haplotype/PA165818776",
          "@context" : "https://api.pharmgkb.org/jsonld/haplotype.jsonld",
          "objCls" : "Haplotype",
          "id" : "PA165818776",
          "symbol" : "CYP2B6*14",
          "name" : "*14",
          "version" : 5
        },
        "version" : 0
      }, {
        "id" : 1450396158,
        "_label" : "*15",
        "function" : {
          "@id" : "https://pharmgkb.org/ontologyTerm/alleleFunction/haplotypeTags:1448531118",
          "@context" : "https://api.pharmgkb.org/jsonld/ontologyTerm.jsonld",
          "id" : 1448531118,
          "parents" : [ ],
          "resource" : "Allele Function",
          "term" : "Uncertain function",
          "termId" : "haplotypeTags:1448531118",
          "version" : 1
        },
        "haplotype" : {
          "@id" : "https://pharmgkb.org/haplotype/PA165818777",
          "@context" : "https://api.pharmgkb.org/jsonld/haplotype.jsonld",
          "objCls" : "Haplotype",
          "id" : "PA165818777",
          "symbol" : "CYP2B6*15",
          "name" : "*15",
          "version" : 5
        },
        "version" : 0
      }, {
        "id" : 1450396159,
        "_label" : "*16",
        "function" : {
          "@id" : "https://pharmgkb.org/ontologyTerm/alleleFunction/haplotypeTags:1445558331",
          "@context" : "https://api.pharmgkb.org/jsonld/ontologyTerm.jsonld",
          "id" : 1445558331,
          "parents" : [ ],
          "resource" : "Allele Function",
          "term" : "Decreased function",
          "termId" : "haplotypeTags:1445558331",
          "version" : 1
        },
        "haplotype" : {
          "@id" : "https://pharmgkb.org/haplotype/PA165818780",
          "@context" : "https://api.pharmgkb.org/jsonld/haplotype.jsonld",
          "objCls" : "Haplotype",
          "id" : "PA165818780",
          "symbol" : "CYP2B6*16",
          "name" : "*16",
          "version" : 5
        },
        "version" : 0
      }, {
        "id" : 1450396160,
        "_label" : "*17",
        "function" : {
          "@id" : "https://pharmgkb.org/ontologyTerm/alleleFunction/haplotypeTags:1445558335",
          "@context" : "https://api.pharmgkb.org/jsonld/ontologyTerm.jsonld",
          "id" : 1445558335,
          "parents" : [ ],
          "resource" : "Allele Function",
          "term" : "Normal function",
          "termId" : "haplotypeTags:1445558335",
          "version" : 1
        },
        "haplotype" : {
          "@id" : "https://pharmgkb.org/haplotype/PA165818781",
          "@context" : "https://api.pharmgkb.org/jsonld/haplotype.jsonld",
          "objCls" : "Haplotype",
          "id" : "PA165818781",
          "symbol" : "CYP2B6*17",
          "name" : "*17",
          "version" : 5
        },
        "version" : 0
      }, {
        "id" : 1450396161,
        "_label" : "*18",
        "function" : {
          "@id" : "https://pharmgkb.org/ontologyTerm/alleleFunction/haplotypeTags:1445558515",
          "@context" : "https://api.pharmgkb.org/jsonld/ontologyTerm.jsonld",
          "id" : 1445558515,
          "parents" : [ ],
          "resource" : "Allele Function",
          "term" : "No function",
          "termId" : "haplotypeTags:1445558515",
          "version" : 1
        },
        "haplotype" : {
          "@id" : "https://pharmgkb.org/haplotype/PA165818808",
          "@context" : "https://api.pharmgkb.org/jsonld/haplotype.jsonld",
          "objCls" : "Haplotype",
          "id" : "PA165818808",
          "symbol" : "CYP2B6*18",
          "name" : "*18",
          "version" : 5
        },
        "version" : 0
      }, {
        "id" : 1450396162,
        "_label" : "*19",
        "function" : {
          "@id" : "https://pharmgkb.org/ontologyTerm/alleleFunction/haplotypeTags:1445558331",
          "@context" : "https://api.pharmgkb.org/jsonld/ontologyTerm.jsonld",
          "id" : 1445558331,
          "parents" : [ ],
          "resource" : "Allele Function",
          "term" : "Decreased function",
          "termId" : "haplotypeTags:1445558331",
          "version" : 1
        },
        "haplotype" : {
          "@id" : "https://pharmgkb.org/haplotype/PA165818784",
          "@context" : "https://api.pharmgkb.org/jsonld/haplotype.jsonld",
          "objCls" : "Haplotype",
          "id" : "PA165818784",
          "symbol" : "CYP2B6*19",
          "name" : "*19",
          "version" : 5
        },
        "version" : 0
      }, {
        "id" : 1450396163,
        "_label" : "*20",
        "function" : {
          "@id" : "https://pharmgkb.org/ontologyTerm/alleleFunction/haplotypeTags:1445558331",
          "@context" : "https://api.pharmgkb.org/jsonld/ontologyTerm.jsonld",
          "id" : 1445558331,
          "parents" : [ ],
          "resource" : "Allele Function",
          "term" : "Decreased function",
          "termId" : "haplotypeTags:1445558331",
          "version" : 1
        },
        "haplotype" : {
          "@id" : "https://pharmgkb.org/haplotype/PA165818785",
          "@context" : "https://api.pharmgkb.org/jsonld/haplotype.jsonld",
          "objCls" : "Haplotype",
          "id" : "PA165818785",
          "symbol" : "CYP2B6*20",
          "name" : "*20",
          "version" : 5
        },
        "version" : 0
      }, {
        "id" : 1450396164,
        "_label" : "*21",
        "function" : {
          "@id" : "https://pharmgkb.org/ontologyTerm/alleleFunction/haplotypeTags:1448531118",
          "@context" : "https://api.pharmgkb.org/jsonld/ontologyTerm.jsonld",
          "id" : 1448531118,
          "parents" : [ ],
          "resource" : "Allele Function",
          "term" : "Uncertain function",
          "termId" : "haplotypeTags:1448531118",
          "version" : 1
        },
        "haplotype" : {
          "@id" : "https://pharmgkb.org/haplotype/PA165818786",
          "@context" : "https://api.pharmgkb.org/jsonld/haplotype.jsonld",
          "objCls" : "Haplotype",
          "id" : "PA165818786",
          "symbol" : "CYP2B6*21",
          "name" : "*21",
          "version" : 5
        },
        "version" : 0
      }, {
        "id" : 1450396165,
        "_label" : "*22",
        "function" : {
          "@id" : "https://pharmgkb.org/ontologyTerm/alleleFunction/haplotypeTags:1445558332",
          "@context" : "https://api.pharmgkb.org/jsonld/ontologyTerm.jsonld",
          "id" : 1445558332,
          "parents" : [ ],
          "resource" : "Allele Function",
          "term" : "Increased function",
          "termId" : "haplotypeTags:1445558332",
          "version" : 1
        },
        "haplotype" : {
          "@id" : "https://pharmgkb.org/haplotype/PA165818809",
          "@context" : "https://api.pharmgkb.org/jsonld/haplotype.jsonld",
          "objCls" : "Haplotype",
          "id" : "PA165818809",
          "symbol" : "CYP2B6*22",
          "name" : "*22",
          "version" : 5
        },
        "version" : 0
      }, {
        "id" : 1450396166,
        "_label" : "*23",
        "function" : {
          "@id" : "https://pharmgkb.org/ontologyTerm/alleleFunction/haplotypeTags:1448589712",
          "@context" : "https://api.pharmgkb.org/jsonld/ontologyTerm.jsonld",
          "id" : 1448589712,
          "parents" : [ ],
          "resource" : "Allele Function",
          "term" : "Unknown function",
          "termId" : "haplotypeTags:1448589712",
          "version" : 1
        },
        "haplotype" : {
          "@id" : "https://pharmgkb.org/haplotype/PA165818787",
          "@context" : "https://api.pharmgkb.org/jsonld/haplotype.jsonld",
          "objCls" : "Haplotype",
          "id" : "PA165818787",
          "symbol" : "CYP2B6*23",
          "name" : "*23",
          "version" : 5
        },
        "version" : 0
      }, {
        "id" : 1450396167,
        "_label" : "*24",
        "function" : {
          "@id" : "https://pharmgkb.org/ontologyTerm/alleleFunction/haplotypeTags:1445558515",
          "@context" : "https://api.pharmgkb.org/jsonld/ontologyTerm.jsonld",
          "id" : 1445558515,
          "parents" : [ ],
          "resource" : "Allele Function",
          "term" : "No function",
          "termId" : "haplotypeTags:1445558515",
          "version" : 1
        },
        "haplotype" : {
          "@id" : "https://pharmgkb.org/haplotype/PA165818810",
          "@context" : "https://api.pharmgkb.org/jsonld/haplotype.jsonld",
          "objCls" : "Haplotype",
          "id" : "PA165818810",
          "symbol" : "CYP2B6*24",
          "name" : "*24",
          "version" : 5
        },
        "version" : 0
      }, {
        "id" : 1450396168,
        "_label" : "*25",
        "function" : {
          "@id" : "https://pharmgkb.org/ontologyTerm/alleleFunction/haplotypeTags:1448589712",
          "@context" : "https://api.pharmgkb.org/jsonld/ontologyTerm.jsonld",
          "id" : 1448589712,
          "parents" : [ ],
          "resource" : "Allele Function",
          "term" : "Unknown function",
          "termId" : "haplotypeTags:1448589712",
          "version" : 1
        },
        "haplotype" : {
          "@id" : "https://pharmgkb.org/haplotype/PA165818811",
          "@context" : "https://api.pharmgkb.org/jsonld/haplotype.jsonld",
          "objCls" : "Haplotype",
          "id" : "PA165818811",
          "symbol" : "CYP2B6*25",
          "name" : "*25",
          "version" : 5
        },
        "version" : 0
      }, {
        "id" : 1450396169,
        "_label" : "*26",
        "function" : {
          "@id" : "https://pharmgkb.org/ontologyTerm/alleleFunction/haplotypeTags:1445558331",
          "@context" : "https://api.pharmgkb.org/jsonld/ontologyTerm.jsonld",
          "id" : 1445558331,
          "parents" : [ ],
          "resource" : "Allele Function",
          "term" : "Decreased function",
          "termId" : "haplotypeTags:1445558331",
          "version" : 1
        },
        "haplotype" : {
          "@id" : "https://pharmgkb.org/haplotype/PA165818788",
          "@context" : "https://api.pharmgkb.org/jsonld/haplotype.jsonld",
          "objCls" : "Haplotype",
          "id" : "PA165818788",
          "symbol" : "CYP2B6*26",
          "name" : "*26",
          "version" : 5
        },
        "version" : 0
      }, {
        "id" : 1450396170,
        "_label" : "*27",
        "function" : {
          "@id" : "https://pharmgkb.org/ontologyTerm/alleleFunction/haplotypeTags:1448531118",
          "@context" : "https://api.pharmgkb.org/jsonld/ontologyTerm.jsonld",
          "id" : 1448531118,
          "parents" : [ ],
          "resource" : "Allele Function",
          "term" : "Uncertain function",
          "termId" : "haplotypeTags:1448531118",
          "version" : 1
        },
        "haplotype" : {
          "@id" : "https://pharmgkb.org/haplotype/PA165818789",
          "@context" : "https://api.pharmgkb.org/jsonld/haplotype.jsonld",
          "objCls" : "Haplotype",
          "id" : "PA165818789",
          "symbol" : "CYP2B6*27",
          "name" : "*27",
          "version" : 5
        },
        "version" : 0
      }, {
        "id" : 1450396171,
        "_label" : "*28",
        "function" : {
          "@id" : "https://pharmgkb.org/ontologyTerm/alleleFunction/haplotypeTags:1445558515",
          "@context" : "https://api.pharmgkb.org/jsonld/ontologyTerm.jsonld",
          "id" : 1445558515,
          "parents" : [ ],
          "resource" : "Allele Function",
          "term" : "No function",
          "termId" : "haplotypeTags:1445558515",
          "version" : 1
        },
        "haplotype" : {
          "@id" : "https://pharmgkb.org/haplotype/PA165818812",
          "@context" : "https://api.pharmgkb.org/jsonld/haplotype.jsonld",
          "objCls" : "Haplotype",
          "id" : "PA165818812",
          "symbol" : "CYP2B6*28",
          "name" : "*28",
          "version" : 5
        },
        "version" : 0
      }, {
        "id" : 1450396172,
        "_label" : "*29",
        "function" : {
          "@id" : "https://pharmgkb.org/ontologyTerm/alleleFunction/haplotypeTags:1445558331",
          "@context" : "https://api.pharmgkb.org/jsonld/ontologyTerm.jsonld",
          "id" : 1445558331,
          "parents" : [ ],
          "resource" : "Allele Function",
          "term" : "Decreased function",
          "termId" : "haplotypeTags:1445558331",
          "version" : 1
        },
        "haplotype" : {
          "@id" : "https://pharmgkb.org/haplotype/PA165818813",
          "@context" : "https://api.pharmgkb.org/jsonld/haplotype.jsonld",
          "objCls" : "Haplotype",
          "id" : "PA165818813",
          "symbol" : "CYP2B6*29",
          "name" : "*29",
          "version" : 5
        },
        "version" : 0
      }, {
        "id" : 1450396173,
        "_label" : "*30",
        "function" : {
          "@id" : "https://pharmgkb.org/ontologyTerm/alleleFunction/haplotypeTags:1445558515",
          "@context" : "https://api.pharmgkb.org/jsonld/ontologyTerm.jsonld",
          "id" : 1445558515,
          "parents" : [ ],
          "resource" : "Allele Function",
          "term" : "No function",
          "termId" : "haplotypeTags:1445558515",
          "version" : 1
        },
        "haplotype" : {
          "@id" : "https://pharmgkb.org/haplotype/PA166117272",
          "@context" : "https://api.pharmgkb.org/jsonld/haplotype.jsonld",
          "objCls" : "Haplotype",
          "id" : "PA166117272",
          "symbol" : "CYP2B6*30",
          "name" : "*30",
          "version" : 2
        },
        "version" : 0
      }, {
        "id" : 1450396174,
        "_label" : "*31",
        "function" : {
          "@id" : "https://pharmgkb.org/ontologyTerm/alleleFunction/haplotypeTags:1445558335",
          "@context" : "https://api.pharmgkb.org/jsonld/ontologyTerm.jsonld",
          "id" : 1445558335,
          "parents" : [ ],
          "resource" : "Allele Function",
          "term" : "Normal function",
          "termId" : "haplotypeTags:1445558335",
          "version" : 1
        },
        "haplotype" : {
          "@id" : "https://pharmgkb.org/haplotype/PA166182657",
          "@context" : "https://api.pharmgkb.org/jsonld/haplotype.jsonld",
          "objCls" : "Haplotype",
          "id" : "PA166182657",
          "symbol" : "CYP2B6*31",
          "name" : "*31",
          "version" : 0
        },
        "version" : 0
      }, {
        "id" : 1450396175,
        "_label" : "*32",
        "function" : {
          "@id" : "https://pharmgkb.org/ontologyTerm/alleleFunction/haplotypeTags:1445558335",
          "@context" : "https://api.pharmgkb.org/jsonld/ontologyTerm.jsonld",
          "id" : 1445558335,
          "parents" : [ ],
          "resource" : "Allele Function",
          "term" : "Normal function",
          "termId" : "haplotypeTags:1445558335",
          "version" : 1
        },
        "haplotype" : {
          "@id" : "https://pharmgkb.org/haplotype/PA166182658",
          "@context" : "https://api.pharmgkb.org/jsonld/haplotype.jsonld",
          "objCls" : "Haplotype",
          "id" : "PA166182658",
          "symbol" : "CYP2B6*32",
          "name" : "*32",
          "version" : 0
        },
        "version" : 0
      }, {
        "id" : 1450396176,
        "_label" : "*33",
        "function" : {
          "@id" : "https://pharmgkb.org/ontologyTerm/alleleFunction/haplotypeTags:1448531118",
          "@context" : "https://api.pharmgkb.org/jsonld/ontologyTerm.jsonld",
          "id" : 1448531118,
          "parents" : [ ],
          "resource" : "Allele Function",
          "term" : "Uncertain function",
          "termId" : "haplotypeTags:1448531118",
          "version" : 1
        },
        "haplotype" : {
          "@id" : "https://pharmgkb.org/haplotype/PA166117273",
          "@context" : "https://api.pharmgkb.org/jsonld/haplotype.jsonld",
          "objCls" : "Haplotype",
          "id" : "PA166117273",
          "symbol" : "CYP2B6*33",
          "name" : "*33",
          "version" : 2
        },
        "version" : 0
      }, {
        "id" : 1450396177,
        "_label" : "*34",
        "function" : {
          "@id" : "https://pharmgkb.org/ontologyTerm/alleleFunction/haplotypeTags:1445558331",
          "@context" : "https://api.pharmgkb.org/jsonld/ontologyTerm.jsonld",
          "id" : 1445558331,
          "parents" : [ ],
          "resource" : "Allele Function",
          "term" : "Decreased function",
          "termId" : "haplotypeTags:1445558331",
          "version" : 1
        },
        "haplotype" : {
          "@id" : "https://pharmgkb.org/haplotype/PA166117274",
          "@context" : "https://api.pharmgkb.org/jsonld/haplotype.jsonld",
          "objCls" : "Haplotype",
          "id" : "PA166117274",
          "symbol" : "CYP2B6*34",
          "name" : "*34",
          "version" : 2
        },
        "version" : 0
      }, {
        "id" : 1450396178,
        "_label" : "*35",
        "function" : {
          "@id" : "https://pharmgkb.org/ontologyTerm/alleleFunction/haplotypeTags:1445558515",
          "@context" : "https://api.pharmgkb.org/jsonld/ontologyTerm.jsonld",
          "id" : 1445558515,
          "parents" : [ ],
          "resource" : "Allele Function",
          "term" : "No function",
          "termId" : "haplotypeTags:1445558515",
          "version" : 1
        },
        "haplotype" : {
          "@id" : "https://pharmgkb.org/haplotype/PA166117275",
          "@context" : "https://api.pharmgkb.org/jsonld/haplotype.jsonld",
          "objCls" : "Haplotype",
          "id" : "PA166117275",
          "symbol" : "CYP2B6*35",
          "name" : "*35",
          "version" : 2
        },
        "version" : 0
      }, {
        "id" : 1450396179,
        "_label" : "*36",
        "function" : {
          "@id" : "https://pharmgkb.org/ontologyTerm/alleleFunction/haplotypeTags:1445558331",
          "@context" : "https://api.pharmgkb.org/jsonld/ontologyTerm.jsonld",
          "id" : 1445558331,
          "parents" : [ ],
          "resource" : "Allele Function",
          "term" : "Decreased function",
          "termId" : "haplotypeTags:1445558331",
          "version" : 1
        },
        "haplotype" : {
          "@id" : "https://pharmgkb.org/haplotype/PA166117276",
          "@context" : "https://api.pharmgkb.org/jsonld/haplotype.jsonld",
          "objCls" : "Haplotype",
          "id" : "PA166117276",
          "symbol" : "CYP2B6*36",
          "name" : "*36",
          "version" : 2
        },
        "version" : 0
      }, {
        "id" : 1450396180,
        "_label" : "*37",
        "function" : {
          "@id" : "https://pharmgkb.org/ontologyTerm/alleleFunction/haplotypeTags:1445558515",
          "@context" : "https://api.pharmgkb.org/jsonld/ontologyTerm.jsonld",
          "id" : 1445558515,
          "parents" : [ ],
          "resource" : "Allele Function",
          "term" : "No function",
          "termId" : "haplotypeTags:1445558515",
          "version" : 1
        },
        "haplotype" : {
          "@id" : "https://pharmgkb.org/haplotype/PA166117277",
          "@context" : "https://api.pharmgkb.org/jsonld/haplotype.jsonld",
          "objCls" : "Haplotype",
          "id" : "PA166117277",
          "symbol" : "CYP2B6*37",
          "name" : "*37",
          "version" : 2
        },
        "version" : 0
      }, {
        "id" : 1450396181,
        "_label" : "*38",
        "function" : {
          "@id" : "https://pharmgkb.org/ontologyTerm/alleleFunction/haplotypeTags:1445558515",
          "@context" : "https://api.pharmgkb.org/jsonld/ontologyTerm.jsonld",
          "id" : 1445558515,
          "parents" : [ ],
          "resource" : "Allele Function",
          "term" : "No function",
          "termId" : "haplotypeTags:1445558515",
          "version" : 1
        },
        "haplotype" : {
          "@id" : "https://pharmgkb.org/haplotype/PA166117278",
          "@context" : "https://api.pharmgkb.org/jsonld/haplotype.jsonld",
          "objCls" : "Haplotype",
          "id" : "PA166117278",
          "symbol" : "CYP2B6*38",
          "name" : "*38",
          "version" : 2
        },
        "version" : 0
      } ],
      "gene" : {
        "@id" : "https://pharmgkb.org/gene/PA123",
        "@context" : "https://api.pharmgkb.org/jsonld/gene.jsonld",
        "objCls" : "Gene",
        "id" : "PA123",
        "symbol" : "CYP2B6",
        "name" : "cytochrome P450 family 2 subfamily B member 6",
        "version" : 6787
      },
      "version" : 0
    } ],
    "history" : [ {
      "id" : 1450396369,
      "date" : "2019-05-01T00:00:00-07:00",
      "description" : "released",
      "type" : "Update",
      "version" : 1
    }, {
      "id" : 1450806133,
      "date" : "2019-07-15T14:51:15.405-07:00",
      "description" : "Added link to guideline video",
      "type" : "Update",
      "version" : 0
    } ],
    "literature" : [ {"@id":"https://pharmgkb.org/literature/15102282","@context":"https://api.pharmgkb.org/jsonld/literature.jsonld","id":15102282,"resourceId":"31006110","title":"Clinical Pharmacogenetics Implementation Consortium (CPIC) Guideline for CYP2B6 and Efavirenz-containing Antiretroviral Therapy.","_sameAs":"https://www.ncbi.nlm.nih.gov/pubmed/31006110","objCls":"Literature","type":"Article","xrefs":[{"@id":"https://pharmgkb.org/crossReference/pubMed/31006110","@context":"https://api.pharmgkb.org/jsonld/crossReference.jsonld","id":1450385489,"resource":"PubMed","resourceId":"31006110","_url":"https://www.ncbi.nlm.nih.gov/pubmed/31006110"},{"@id":"https://pharmgkb.org/crossReference/doi/10.1002/cpt.1477","@context":"https://api.pharmgkb.org/jsonld/crossReference.jsonld","id":1450385490,"resource":"DOI","resourceId":"10.1002/cpt.1477","_url":"http://dx.doi.org/10.1002%2Fcpt.1477"}]} ],
    "recommendation" : true,
    "relatedAlleles" : [ ],
    "relatedChemicals" : [ {
      "@id" : "https://pharmgkb.org/chemical/PA449441",
      "@context" : "https://api.pharmgkb.org/jsonld/chemical.jsonld",
      "objCls" : "Chemical",
      "id" : "PA449441",
      "name" : "efavirenz",
      "version" : 8
    } ],
    "relatedGenes" : [ {
      "@id" : "https://pharmgkb.org/gene/PA123",
      "@context" : "https://api.pharmgkb.org/jsonld/gene.jsonld",
      "objCls" : "Gene",
      "id" : "PA123",
      "symbol" : "CYP2B6",
      "name" : "cytochrome P450 family 2 subfamily B member 6",
      "version" : 6787
    } ],
    "source" : "Clinical Pharmacogenetics Implementation Consortium",
    "summaryMarkdown" : {
      "id" : 1450380342,
      "html" : "<p>Consider initiating efavirenz with a decreased dose of either 400 or 200 mg/day for patients who are CYP2B6 poor metabolizers. Consider initiating efavirenz with a decreased dose of 400 mg/day for patients who are CYP2B6 intermediate metabolizers.</p>\n",
      "version" : 0
    },
    "terms" : [ ],
    "textMarkdown" : {
      "id" : 1450380343,
      "html" : "<p>This annotation is based on the <a rel=\"noopener noreferrer\" href=\"https://cpicpgx.org/guidelines/cpic-guideline-for-efavirenz-based-on-cyp2b6-genotype/\" target=\"_blank\">CPIC&reg; guideline for efavirenz and CYP2B6</a>.</p>\n<h3 id=\"april-2019\">April 2019</h3>\n<p><em>Advance online publication April 2019.</em></p>\n<ul>\n<li>\n<p>The <a rel=\"noopener noreferrer\" href=\"https://ascpt.onlinelibrary.wiley.com/doi/abs/10.1002/cpt.1477\" target=\"_blank\">CPIC guideline regarding efavirenz-containing antiretroviral Therapy in the context of <em>CYP2B6</em> genotypes</a> is published in Clinical Pharmacology and Therapeutics.</p>\n</li>\n<li>\n<p>These guidelines are applicable to:</p>\n<ul>\n<li>\n<p>pediatric patients</p>\n</li>\n<li>\n<p>adult patients</p>\n</li>\n</ul>\n</li>\n<li>\n<p>Excerpts from the 2019 efavirenz dosing guideline:</p>\n<ul>\n<li>\n<p>&quot;Substantial evidence links <em>CYP2B6</em> genotype with variability in plasma efavirenz concentrations and with adverse effects. Most studies have examined the impact of <em>CYP2B6</em> c.516G&gt;T and c.983T&gt;C; therefore, these variants provide the basis for our clinical recommendations.&quot;</p>\n</li>\n<li>\n<p>&quot;Multiple studies have shown that the CYP2B6 poor metabolizer genotype, particularly defined by homozygosity or compound heterozygosity for <em>CYP2B6</em> c.516G&gt;T and/or c.983T&gt;C, is associated with decreased efavirenz clearance and increased risk for efavirenz toxicity (particularly CNS toxicity, hepatic injury, and QTc prolongation) and/or treatment discontinuation, although some studies have not shown such an association.&quot;</p>\n</li>\n<li>\n<p>&quot;Based on current evidence, CYP2B6 normal metabolizers (NMs) are expected to have normal efavirenz metabolism and achieve therapeutic efavirenz concentrations with standard dosing (600 mg/day). CYP2B6 intermediate metabolizers (IMs) may experience higher dose-adjusted trough concentrations compared with NMs, which may put these patients up to a 1.3-fold increased risk of adverse effects. For these patients, there is a “moderate” recommendation to consider initiating efavirenz with a decreased dose of 400 mg/day. CYP2B6 poor metabolizers (PMs) are at greatest risk for higher dose-adjusted trough concentrations compared with NMs and IMs, and greater overall plasma efavirenz exposure, which puts these patients up to a 4.8-fold increased risk for adverse effects and treatment discontinuation. For these patients, there is a “moderate” recommendation to consider initiating efavirenz with a decreased dose of either 400 or 200 mg/day.&quot;</p>\n</li>\n<li>\n<p>&quot;CYP2B6 RMs and UMs may experience slightly lower dose-adjusted trough concentrations of efavirenz compared with normal metabolizers, which may be clinically important for efavirenz. However, based on current evidence, the effect of the increased function alleles CYP2B6*4 and *22 appears to be modest. As such, current data are not sufficient to recommend a change from normal prescribing at this time, and patients with the RM or UM phenotype should receive standard efavirenz dosing.&quot;</p>\n</li>\n<li>\n<p>&quot;Pediatrics:\nEfavirenz is FDA-approved for use as part of antiretroviral therapy in children = 3 months of age and weighing = 3.5 kg. In the U.S. efavirenz is available as capsules (50 or 200 mg); tablets (600 mg); a fixed dose combination comprised of efavirenz 600 mg, emtricitabine 200 mg and  tenofovir disoproxil fumarate 300 mg; and more recently a fixed dose combination called Symfi Lo® (efavirenz 400 mg,  lamivudine 300 mg, and  tenofovir disoproxil fumarate 300 mg) for children weighing = 35 kg. The U.S. Department of Health and Human Services (DHHS) Guidelines for the Use of Antiretroviral Agents in Pediatric HIV Infection recommends efavirenz in combination with two-nucleoside reverse transcriptase inhibitors (NRTIs) as an alternative non-nucleoside reverse transcriptase inhibitor (NNRTI) regimen for initial treatment of HIV in children aged = 3 years.&quot;</p>\n</li>\n<li>\n<p>&quot;Children age &lt; 3 years. similar to DHHS guidelines, we do not recommend use of efavirenz in infants and children aged 3 months to &lt; 3 years, except under special circumstances such as tuberculosis co-infection. If a clinical situation requires use of efavirenz in this age group, CYP2B6 testing may be informative and dosing could be guided by the current DHHS guidelines, which were  informed by  IMPAACT study P1070 (36). The guidelines recommended an efavirenz dose reduction based on weight groups for CYP2B6 poor (c.516T/T) metabolizers: 5 kg to &lt; 7 kg: 50 mg; 7 kg to &lt; 14 kg: 100 mg; 14 kg to &lt; 17 kg: 150 mg; and = 17 kg: 150 mg.  Dosing for normal (c.516G/G) metabolizers and intermediate (c.516G/T) metabolizers is as follows: 5 kg to &lt; 7 kg: 300 mg; 7 kg to &lt; 14 kg: 400 mg; 14 kg to &lt; 17 kg: 500 mg; and = 17 kg: 600 mg. Although current DHHS guidelines for efavirenz dosing in pediatrics do not consider c.983T&gt;C, we recommend that dosing recommendations for c.516T/T also be applied to c.516T/c.983C and to c.983C/C. We also recommend measuring plasma efavirenz concentrations two weeks after initiation. The mid-dose plasma efavirenz concentration target of 1 to 4 mg/L derived from adult clinical monitoring data is typically also applied to trough concentrations in pediatric patients. &quot;</p>\n</li>\n<li>\n<p>&quot;Children age &gt; 3 years and weighing &lt; 40 kg. While the effect of CYP2B6 genotype on efavirenz exposure has been demonstrated in children older than three years of age who weigh less than 40 kg, specific clinical data supporting CYP2B6 genotype-guided dosing are limited. Thus, although we cannot make a firm recommendation for dose adjustment based on CYP2B6 genotype in this age and weight group, CYP2B6 genotype almost certainly affects efavirenz exposure in these children such that efavirenz dose reduction in CYP2B6 poor metabolizers would also be reasonable. Therapeutic drug monitoring, where available and accessible, could help guide dosing adjustments in this age/weight group, especially in a setting of potential drug-related toxicity, virologic rebound, or lack of response in an adherent patient. For pediatric patients who weigh 40 kg or more, adult dosing applies (see Table 2).&quot;</p>\n</li>\n</ul>\n</li>\n<li>\n<p>Download and read:</p>\n<ul>\n<li><a rel=\"noopener noreferrer\" href=\"https://cpicpgx.org/content/guideline/publication/efavirenz/2019/31006110.pdf\" target=\"_blank\">Clinical Pharmacogenetics Implementation Consortium (CPIC) guideline for <em>CYP2B6</em> and Efavirenz-containing Antiretroviral Therapy</a></li>\n<li><a rel=\"noopener noreferrer\" href=\"https://cpicpgx.org/content/guideline/publication/efavirenz/2019/31006110-supplement.pdf\" target=\"_blank\">2019 supplement</a></li>\n<li><a href=\"https://www.pharmgkb.org/page/cyp2b6RefMaterials\">CYP2B6 Gene-Specific Information Tables</a></li>\n<li><a rel=\"noopener noreferrer\" href=\"https://cpicpgx.org/content/guideline/publication/efavirenz/Efavirenz_Drug_Resource_Mappings.xlsx\" target=\"_blank\">Efavirenz Drug Resource Mappings</a></li>\n<li><a rel=\"noopener noreferrer\" href=\"https://cpicpgx.org/content/guideline/publication/efavirenz/Efavirenz_Pre_and_Post_Test_Alerts_and_Flow_Chart.xlsx\" target=\"_blank\">Efavirenz Pre and Post Test Alerts</a></li>\n</ul>\n</li>\n</ul>\n<h3 id=\"table-1-recommended-dosing-of-efavirenz-by-cyp2b6-phenotype\">Table 1: Recommended dosing of Efavirenz by CYP2B6 phenotype</h3>\n<p><em>Adapted from Tables 1 and 2 of the 2019 guideline.</em></p>\n<table class=\"table\">\n<thead>\n<tr><th>CYP2B6 phenotype</th><th>Genotypes</th><th>Examples of diplotypes</th><th>Implications</th><th>Dosing recommendations</th><th>Classification of recommendations</th></tr>\n</thead>\n<tbody>\n<tr><td>Ultra Rapid Metabolizer</td><td>An individual carrying two increased function alleles</td><td>*4/*4, *22/*22, *4/*22</td><td>Slightly lower dose-adjusted trough concentrations of efavirenz compared with normal metabolizers</td><td>Initiate efavirenz with standard dosing (600 mg/day)</td><td>Strong</td></tr>\n<tr><td>Rapid Metabolizer</td><td>An individual carrying one normal function allele and one increased function allele</td><td>*1/*4, *1/*22</td><td>Slightly lower dose-adjusted trough concentrations of efavirenz compared with normal metabolizers</td><td>Initiate efavirenz with standard dosing (600 mg/day)</td><td>Strong</td></tr>\n<tr><td>Normal Metabolizer</td><td>An individual carrying two normal function alleles</td><td>*1/*1</td><td>Normal efavirenz metabolism</td><td>Initiate efavirenz with standard dosing (600 mg/day)</td><td>Strong<sup>c</sup></td></tr>\n<tr><td>Intermediate Metabolizer</td><td>An individual carrying one normal function allele and one decreased function allele OR one normal function allele and one no function allele OR one increased function allele and one decreased function allele OR one increased function allele and one no function allele</td><td>*1/*6, *1/*18, *4/*6, *4/*18, *6/*22, *18/*22</td><td>Higher dose-adjusted trough concentrations of efavirenz compared with normal metabolizers; increased risk of CNS adverse events.</td><td>Consider initiating efavirenz with decreased dose of 400 mg/day<sup>a,b</sup>.</td><td>Moderate</td></tr>\n<tr><td>Poor Metabolizer</td><td>An individual carrying two decreased function alleles OR two no function alleles OR one decreased function allele and one no function allele</td><td>*6/*6, *18/*18, *6/*18</td><td>Higher dose-adjusted trough concentrations of efavirenz compared with normal metabolizers; significantly increased risk of CNS adverse events and treatment discontinuation</td><td>Consider initiating efavirenz with decreased dose of 400 or 200 mg/day<sup>a,b</sup>.</td><td>Moderate</td></tr>\n</tbody>\n</table>\n<p><sup>a</sup>If therapeutic drug monitoring is available and a decreased efavirenz dose is prescribed, consider obtaining steady-state plasma efavirenz concentrations to ensure concentrations are in the suggested therapeutic range (~1 to 4 µg/mL).<br />\n<sup>b</sup>To prescribe efavirenz at a decreased dose of 400 mg/day or 200 mg/day in a multidrug regimen may require prescribing more than one pill once daily. If so, the provider should weigh the potential benefit of reduced dose against the potential detrimental impact of increased pill number.<br />\n<sup>c</sup>The ENCORE study showed that in treatment-naïve patients randomized to initiate efavirenz-based regimens (combined with tenofovir and emtricitabine), 400 mg/day was non-inferior to 600 mg/day regardless of CYP2B6 genotype.</p>\n",
      "version" : 1
    },
    "userId" : "lgong",
    "version" : 3,
    "xrefs" : [ {"@id":"https://pharmgkb.org/crossReference/url/https://cpicpgx.org/guidelines/cpic-guideline-for-efavirenz-based-on-cyp2b6-genotype/","@context":"https://api.pharmgkb.org/jsonld/crossReference.jsonld","id":1450385491,"resource":"URL","resourceId":"https://cpicpgx.org/guidelines/cpic-guideline-for-efavirenz-based-on-cyp2b6-genotype/","_url":"https://cpicpgx.org/guidelines/cpic-guideline-for-efavirenz-based-on-cyp2b6-genotype/"} ]
  }
}