{
  "citations" : [ {
    "@id" : "https://pharmgkb.org/literature/15099812",
    "@context" : "https://api.pharmgkb.org/jsonld/literature.jsonld",
    "id" : 15099812,
    "resourceId" : "29152729",
    "title" : "Clinical Pharmacogenetics Implementation Consortium (CPIC) Guideline for Dihydropyrimidine Dehydrogenase Genotype and Fluoropyrimidine Dosing: 2017 Update.",
    "_sameAs" : "https://www.ncbi.nlm.nih.gov/pmc/articles/PMC5760397",
    "authors" : [ "Amstutz Ursula", "Henricks Linda M", "Offer Steven M", "Barbarino Julia", "Schellens Jan H M", "Swen Jesse J", "Klein Teri E", "McLeod Howard L", "Caudle Kelly E", "Diasio Robert B", "Schwab Matthias" ],
    "hasKeyword" : true,
    "journal" : "Clinical pharmacology and therapeutics",
    "meshDiseases" : [ ],
    "meshTerms" : [ ],
    "month" : 2,
    "nonHuman" : false,
    "objCls" : "Literature",
    "page" : "210-216",
    "pgkbPublication" : true,
    "pubDate" : "2018-02-01T00:00:00-08:00",
    "summary" : "The purpose of this guideline is to provide information for the interpretation of clinical dihydropyrimidine dehydrogenase (DPYD) genotype tests so that the results can be used to guide dosing of fluoropyrimidines (5-fluorouracil and capecitabine). Detailed guidelines for the use of fluoropyrimidines, their clinical pharmacology, as well as analyses of cost-effectiveness are beyond the scope of this document. The Clinical Pharmacogenetics Implementation Consortium (CPIC &reg; ) guidelines consider the situation of patients for which genotype data are already available (updates available at https://cpicpgx.org/guidelines/guideline-for-fluoropyrimidines-and-dpyd/).",
    "type" : "Article",
    "version" : 4,
    "volume" : "103",
    "xrefs" : [ {"@id":"https://pharmgkb.org/crossReference/pmc/PMC5760397","@context":"https://api.pharmgkb.org/jsonld/crossReference.jsonld","id":1449285368,"resource":"PubMed Central","resourceId":"PMC5760397","_url":"https://www.ncbi.nlm.nih.gov/pmc/articles/PMC5760397"}, {"@id":"https://pharmgkb.org/crossReference/pubMed/29152729","@context":"https://api.pharmgkb.org/jsonld/crossReference.jsonld","id":1449285367,"resource":"PubMed","resourceId":"29152729","_url":"https://www.ncbi.nlm.nih.gov/pubmed/29152729"}, {"@id":"https://pharmgkb.org/crossReference/doi/10.1002/cpt.911","@context":"https://api.pharmgkb.org/jsonld/crossReference.jsonld","id":1449285369,"resource":"DOI","resourceId":"10.1002/cpt.911","_url":"http://dx.doi.org/10.1002%2Fcpt.911"} ],
    "year" : 2018
  }, {
    "@id" : "https://pharmgkb.org/literature/15062135",
    "@context" : "https://api.pharmgkb.org/jsonld/literature.jsonld",
    "id" : 15062135,
    "resourceId" : "23988873",
    "title" : "Clinical Pharmacogenetics Implementation Consortium guidelines for dihydropyrimidine dehydrogenase genotype and fluoropyrimidine dosing.",
    "_sameAs" : "https://www.ncbi.nlm.nih.gov/pmc/articles/PMC3831181",
    "authors" : [ "Caudle K E", "Thorn C F", "Klein T E", "Swen J J", "McLeod H L", "Diasio R B", "Schwab M" ],
    "hasKeyword" : true,
    "journal" : "Clinical pharmacology and therapeutics",
    "meshDiseases" : [ ],
    "meshTerms" : [ "Antimetabolites, Antineoplastic", "Capecitabine", "Deoxycytidine", "Dihydropyrimidine Dehydrogenase Deficiency", "Dihydrouracil Dehydrogenase (NADP)", "Female", "Fluorouracil", "Genotype", "Humans", "Incidental Findings", "Male", "Risk Assessment", "Sex Factors", "Tegafur" ],
    "month" : 12,
    "nonHuman" : false,
    "objCls" : "Literature",
    "page" : "640-5",
    "pgkbPublication" : true,
    "pubDate" : "2013-12-01T00:00:00-08:00",
    "summary" : "The fluoropyrimidines are the mainstay chemotherapeutic agents for the treatment of many types of cancers. Detoxifying metabolism of fluoropyrimidines requires dihydropyrimidine dehydrogenase (DPD, encoded by the DPYD gene), and reduced or absent activity of this enzyme can result in severe, and sometimes fatal, toxicity. We summarize evidence from the published literature supporting this association and provide dosing recommendations for fluoropyrimidines based on DPYD genotype (updates at http://www.pharmgkb.org).",
    "type" : "Article",
    "version" : 5,
    "volume" : "94",
    "xrefs" : [ {"@id":"https://pharmgkb.org/crossReference/pmc/PMC3831181","@context":"https://api.pharmgkb.org/jsonld/crossReference.jsonld","id":1449277398,"resource":"PubMed Central","resourceId":"PMC3831181","_url":"https://www.ncbi.nlm.nih.gov/pmc/articles/PMC3831181"}, {"@id":"https://pharmgkb.org/crossReference/pubMed/23988873","@context":"https://api.pharmgkb.org/jsonld/crossReference.jsonld","id":1449277397,"resource":"PubMed","resourceId":"23988873","_url":"https://www.ncbi.nlm.nih.gov/pubmed/23988873"}, {"@id":"https://pharmgkb.org/crossReference/doi/10.1038/clpt.2013.172","@context":"https://api.pharmgkb.org/jsonld/crossReference.jsonld","id":1449277399,"resource":"DOI","resourceId":"10.1038/clpt.2013.172","_url":"http://dx.doi.org/10.1038%2Fclpt.2013.172"} ],
    "year" : 2013
  } ],
  "guideline" : {
    "@id" : "https://pharmgkb.org/guidelineAnnotation/PA166122686",
    "@context" : "https://api.pharmgkb.org/jsonld/guidelineAnnotation.jsonld",
    "objCls" : "Guideline Annotation",
    "id" : "PA166122686",
    "name" : "Annotation of CPIC Guideline for fluorouracil and DPYD",
    "cancerGenome" : false,
    "descriptiveVideoId" : "2wB2l4W9x8s",
    "guidelineGenes" : [ {
      "id" : 1449561417,
      "alleles" : [ {
        "id" : 1449561418,
        "_label" : "c.1679T>G",
        "function" : {
          "@id" : "https://pharmgkb.org/ontologyTerm/alleleFunction/haplotypeTags:1445558515",
          "@context" : "https://api.pharmgkb.org/jsonld/ontologyTerm.jsonld",
          "id" : 1445558515,
          "parents" : [ ],
          "resource" : "Allele Function",
          "term" : "No function",
          "termId" : "haplotypeTags:1445558515",
          "version" : 1
        },
        "haplotype" : {
          "@id" : "https://pharmgkb.org/haplotype/PA166171118",
          "@context" : "https://api.pharmgkb.org/jsonld/haplotype.jsonld",
          "objCls" : "Haplotype",
          "id" : "PA166171118",
          "symbol" : "DPYDc.1679T>G",
          "name" : "c.1679T>G",
          "version" : 2
        },
        "version" : 0
      }, {
        "id" : 1449561419,
        "_label" : "c.2846A>T",
        "function" : {
          "@id" : "https://pharmgkb.org/ontologyTerm/alleleFunction/haplotypeTags:1445558331",
          "@context" : "https://api.pharmgkb.org/jsonld/ontologyTerm.jsonld",
          "id" : 1445558331,
          "parents" : [ ],
          "resource" : "Allele Function",
          "term" : "Decreased function",
          "termId" : "haplotypeTags:1445558331",
          "version" : 1
        },
        "haplotype" : {
          "@id" : "https://pharmgkb.org/haplotype/PA166171119",
          "@context" : "https://api.pharmgkb.org/jsonld/haplotype.jsonld",
          "objCls" : "Haplotype",
          "id" : "PA166171119",
          "symbol" : "DPYDc.2846A>T",
          "name" : "c.2846A>T",
          "version" : 2
        },
        "version" : 0
      }, {
        "id" : 1449561420,
        "_label" : "c.1129-5923C>G",
        "function" : {
          "@id" : "https://pharmgkb.org/ontologyTerm/alleleFunction/haplotypeTags:1445558331",
          "@context" : "https://api.pharmgkb.org/jsonld/ontologyTerm.jsonld",
          "id" : 1445558331,
          "parents" : [ ],
          "resource" : "Allele Function",
          "term" : "Decreased function",
          "termId" : "haplotypeTags:1445558331",
          "version" : 1
        },
        "haplotype" : {
          "@id" : "https://pharmgkb.org/haplotype/PA166171120",
          "@context" : "https://api.pharmgkb.org/jsonld/haplotype.jsonld",
          "objCls" : "Haplotype",
          "id" : "PA166171120",
          "symbol" : "DPYDc.1129-5923C>G",
          "name" : "c.1129-5923C>G",
          "version" : 2
        },
        "version" : 0
      }, {
        "id" : 1449561421,
        "_label" : "c.1898delC",
        "function" : {
          "@id" : "https://pharmgkb.org/ontologyTerm/alleleFunction/haplotypeTags:1445558515",
          "@context" : "https://api.pharmgkb.org/jsonld/ontologyTerm.jsonld",
          "id" : 1445558515,
          "parents" : [ ],
          "resource" : "Allele Function",
          "term" : "No function",
          "termId" : "haplotypeTags:1445558515",
          "version" : 1
        },
        "haplotype" : {
          "@id" : "https://pharmgkb.org/haplotype/PA166171121",
          "@context" : "https://api.pharmgkb.org/jsonld/haplotype.jsonld",
          "objCls" : "Haplotype",
          "id" : "PA166171121",
          "symbol" : "DPYDc.1898delC",
          "name" : "c.1898delC",
          "version" : 2
        },
        "version" : 0
      }, {
        "id" : 1449561422,
        "_label" : "c.295_298delTCAT",
        "function" : {
          "@id" : "https://pharmgkb.org/ontologyTerm/alleleFunction/haplotypeTags:1445558515",
          "@context" : "https://api.pharmgkb.org/jsonld/ontologyTerm.jsonld",
          "id" : 1445558515,
          "parents" : [ ],
          "resource" : "Allele Function",
          "term" : "No function",
          "termId" : "haplotypeTags:1445558515",
          "version" : 1
        },
        "haplotype" : {
          "@id" : "https://pharmgkb.org/haplotype/PA166171122",
          "@context" : "https://api.pharmgkb.org/jsonld/haplotype.jsonld",
          "objCls" : "Haplotype",
          "id" : "PA166171122",
          "symbol" : "DPYDc.295_298delTCAT",
          "name" : "c.295_298delTCAT",
          "version" : 2
        },
        "version" : 0
      }, {
        "id" : 1449561423,
        "_label" : "c.703C>T",
        "function" : {
          "@id" : "https://pharmgkb.org/ontologyTerm/alleleFunction/haplotypeTags:1445558515",
          "@context" : "https://api.pharmgkb.org/jsonld/ontologyTerm.jsonld",
          "id" : 1445558515,
          "parents" : [ ],
          "resource" : "Allele Function",
          "term" : "No function",
          "termId" : "haplotypeTags:1445558515",
          "version" : 1
        },
        "haplotype" : {
          "@id" : "https://pharmgkb.org/haplotype/PA166171123",
          "@context" : "https://api.pharmgkb.org/jsonld/haplotype.jsonld",
          "objCls" : "Haplotype",
          "id" : "PA166171123",
          "symbol" : "DPYDc.703C>T",
          "name" : "c.703C>T",
          "version" : 2
        },
        "version" : 0
      }, {
        "id" : 1449561424,
        "_label" : "c.2983G>T",
        "function" : {
          "@id" : "https://pharmgkb.org/ontologyTerm/alleleFunction/haplotypeTags:1445558515",
          "@context" : "https://api.pharmgkb.org/jsonld/ontologyTerm.jsonld",
          "id" : 1445558515,
          "parents" : [ ],
          "resource" : "Allele Function",
          "term" : "No function",
          "termId" : "haplotypeTags:1445558515",
          "version" : 1
        },
        "haplotype" : {
          "@id" : "https://pharmgkb.org/haplotype/PA166171124",
          "@context" : "https://api.pharmgkb.org/jsonld/haplotype.jsonld",
          "objCls" : "Haplotype",
          "id" : "PA166171124",
          "symbol" : "DPYDc.2983G>T",
          "name" : "c.2983G>T",
          "version" : 2
        },
        "version" : 0
      }, {
        "id" : 1449561425,
        "_label" : "c.1156G>T",
        "function" : {
          "@id" : "https://pharmgkb.org/ontologyTerm/alleleFunction/haplotypeTags:1445558515",
          "@context" : "https://api.pharmgkb.org/jsonld/ontologyTerm.jsonld",
          "id" : 1445558515,
          "parents" : [ ],
          "resource" : "Allele Function",
          "term" : "No function",
          "termId" : "haplotypeTags:1445558515",
          "version" : 1
        },
        "haplotype" : {
          "@id" : "https://pharmgkb.org/haplotype/PA166171125",
          "@context" : "https://api.pharmgkb.org/jsonld/haplotype.jsonld",
          "objCls" : "Haplotype",
          "id" : "PA166171125",
          "symbol" : "DPYDc.1156G>T",
          "name" : "c.1156G>T",
          "version" : 2
        },
        "version" : 0
      }, {
        "id" : 1449561426,
        "_label" : "c.557A>G",
        "function" : {
          "@id" : "https://pharmgkb.org/ontologyTerm/alleleFunction/haplotypeTags:1445558331",
          "@context" : "https://api.pharmgkb.org/jsonld/ontologyTerm.jsonld",
          "id" : 1445558331,
          "parents" : [ ],
          "resource" : "Allele Function",
          "term" : "Decreased function",
          "termId" : "haplotypeTags:1445558331",
          "version" : 1
        },
        "haplotype" : {
          "@id" : "https://pharmgkb.org/haplotype/PA166171126",
          "@context" : "https://api.pharmgkb.org/jsonld/haplotype.jsonld",
          "objCls" : "Haplotype",
          "id" : "PA166171126",
          "symbol" : "DPYDc.557A>G",
          "name" : "c.557A>G",
          "version" : 2
        },
        "version" : 0
      }, {
        "id" : 1449561427,
        "_label" : "Any normal function variant or no variant detected",
        "function" : {
          "@id" : "https://pharmgkb.org/ontologyTerm/alleleFunction/haplotypeTags:1445558335",
          "@context" : "https://api.pharmgkb.org/jsonld/ontologyTerm.jsonld",
          "id" : 1445558335,
          "parents" : [ ],
          "resource" : "Allele Function",
          "term" : "Normal function",
          "termId" : "haplotypeTags:1445558335",
          "version" : 1
        },
        "haplotype" : {
          "@id" : "https://pharmgkb.org/haplotype/PA166171146",
          "@context" : "https://api.pharmgkb.org/jsonld/haplotype.jsonld",
          "objCls" : "Haplotype",
          "id" : "PA166171146",
          "symbol" : "DPYD Any normal function variant or no variant detected",
          "name" : "Any normal function variant or no variant detected",
          "version" : 2
        },
        "version" : 0
      }, {
        "id" : 1449561428,
        "_label" : "c.1905+1G>A",
        "function" : {
          "@id" : "https://pharmgkb.org/ontologyTerm/alleleFunction/haplotypeTags:1445558515",
          "@context" : "https://api.pharmgkb.org/jsonld/ontologyTerm.jsonld",
          "id" : 1445558515,
          "parents" : [ ],
          "resource" : "Allele Function",
          "term" : "No function",
          "termId" : "haplotypeTags:1445558515",
          "version" : 1
        },
        "haplotype" : {
          "@id" : "https://pharmgkb.org/haplotype/PA166171117",
          "@context" : "https://api.pharmgkb.org/jsonld/haplotype.jsonld",
          "objCls" : "Haplotype",
          "id" : "PA166171117",
          "symbol" : "DPYDc.1905+1G>A",
          "name" : "c.1905+1G>A",
          "version" : 2
        },
        "version" : 0
      } ],
      "gene" : {
        "@id" : "https://pharmgkb.org/gene/PA145",
        "@context" : "https://api.pharmgkb.org/jsonld/gene.jsonld",
        "objCls" : "Gene",
        "id" : "PA145",
        "symbol" : "DPYD",
        "name" : "dihydropyrimidine dehydrogenase",
        "version" : 6906
      },
      "version" : 0
    } ],
    "history" : [ {
      "id" : 1184511807,
      "date" : "2014-07-30T00:00:00-07:00",
      "type" : "Update",
      "version" : 0
    }, {
      "id" : 1448604804,
      "date" : "2017-03-16T17:47:59.311-07:00",
      "description" : "Updated extended dosing guidelines",
      "type" : "Update",
      "version" : 0
    }, {
      "id" : 1449140397,
      "date" : "2017-11-13T10:55:34.511-08:00",
      "type" : "Update",
      "version" : 0
    }, {
      "id" : 1449154751,
      "date" : "2017-11-28T10:14:26.842-08:00",
      "type" : "Update",
      "version" : 0
    } ],
    "literature" : [ {"@id":"https://pharmgkb.org/literature/15099812","@context":"https://api.pharmgkb.org/jsonld/literature.jsonld","id":15099812,"resourceId":"29152729","title":"Clinical Pharmacogenetics Implementation Consortium (CPIC) Guideline for Dihydropyrimidine Dehydrogenase Genotype and Fluoropyrimidine Dosing: 2017 Update.","_sameAs":"https://www.ncbi.nlm.nih.gov/pmc/articles/PMC5760397","objCls":"Literature","type":"Article","xrefs":[{"@id":"https://pharmgkb.org/crossReference/pmc/PMC5760397","@context":"https://api.pharmgkb.org/jsonld/crossReference.jsonld","id":1449285368,"resource":"PubMed Central","resourceId":"PMC5760397","_url":"https://www.ncbi.nlm.nih.gov/pmc/articles/PMC5760397"},{"@id":"https://pharmgkb.org/crossReference/pubMed/29152729","@context":"https://api.pharmgkb.org/jsonld/crossReference.jsonld","id":1449285367,"resource":"PubMed","resourceId":"29152729","_url":"https://www.ncbi.nlm.nih.gov/pubmed/29152729"},{"@id":"https://pharmgkb.org/crossReference/doi/10.1002/cpt.911","@context":"https://api.pharmgkb.org/jsonld/crossReference.jsonld","id":1449285369,"resource":"DOI","resourceId":"10.1002/cpt.911","_url":"http://dx.doi.org/10.1002%2Fcpt.911"}]}, {"@id":"https://pharmgkb.org/literature/15062135","@context":"https://api.pharmgkb.org/jsonld/literature.jsonld","id":15062135,"resourceId":"23988873","title":"Clinical Pharmacogenetics Implementation Consortium guidelines for dihydropyrimidine dehydrogenase genotype and fluoropyrimidine dosing.","_sameAs":"https://www.ncbi.nlm.nih.gov/pmc/articles/PMC3831181","objCls":"Literature","type":"Article","xrefs":[{"@id":"https://pharmgkb.org/crossReference/pmc/PMC3831181","@context":"https://api.pharmgkb.org/jsonld/crossReference.jsonld","id":1449277398,"resource":"PubMed Central","resourceId":"PMC3831181","_url":"https://www.ncbi.nlm.nih.gov/pmc/articles/PMC3831181"},{"@id":"https://pharmgkb.org/crossReference/pubMed/23988873","@context":"https://api.pharmgkb.org/jsonld/crossReference.jsonld","id":1449277397,"resource":"PubMed","resourceId":"23988873","_url":"https://www.ncbi.nlm.nih.gov/pubmed/23988873"},{"@id":"https://pharmgkb.org/crossReference/doi/10.1038/clpt.2013.172","@context":"https://api.pharmgkb.org/jsonld/crossReference.jsonld","id":1449277399,"resource":"DOI","resourceId":"10.1038/clpt.2013.172","_url":"http://dx.doi.org/10.1038%2Fclpt.2013.172"}]}, {"@id":"https://pharmgkb.org/literature/15100909","@context":"https://api.pharmgkb.org/jsonld/literature.jsonld","id":15100909,"resourceId":"https://cpicpgx.org/guidelines/guideline-for-fluoropyrimidines-and-dpyd/","title":"CPIC® Guideline for Fluoropyrimidines and DPYD – CPIC","_sameAs":"https://cpicpgx.org/guidelines/guideline-for-fluoropyrimidines-and-dpyd/","objCls":"Literature","type":"Web Page","xrefs":[{"@id":"https://pharmgkb.org/crossReference/url/https://cpicpgx.org/guidelines/guideline-for-fluoropyrimidines-and-dpyd/","@context":"https://api.pharmgkb.org/jsonld/crossReference.jsonld","id":1447983463,"resource":"URL","resourceId":"https://cpicpgx.org/guidelines/guideline-for-fluoropyrimidines-and-dpyd/","_url":"https://cpicpgx.org/guidelines/guideline-for-fluoropyrimidines-and-dpyd/"}]} ],
    "recommendation" : true,
    "relatedAlleles" : [ ],
    "relatedChemicals" : [ {
      "@id" : "https://pharmgkb.org/chemical/PA128406956",
      "@context" : "https://api.pharmgkb.org/jsonld/chemical.jsonld",
      "objCls" : "Chemical",
      "id" : "PA128406956",
      "name" : "fluorouracil",
      "version" : 15
    } ],
    "relatedGenes" : [ {
      "@id" : "https://pharmgkb.org/gene/PA145",
      "@context" : "https://api.pharmgkb.org/jsonld/gene.jsonld",
      "objCls" : "Gene",
      "id" : "PA145",
      "symbol" : "DPYD",
      "name" : "dihydropyrimidine dehydrogenase",
      "version" : 6906
    } ],
    "source" : "Clinical Pharmacogenetics Implementation Consortium",
    "summaryMarkdown" : {
      "id" : 1450180196,
      "html" : "<p>The CPIC Dosing Guideline for 5-fluorouracil and capecitabine recommends an alternative drug for patients who are DPYD poor metabolizers with an activity score of 0. In those who are poor metabolizers with an activity score of 0.5, an alternative drug is also recommended, but if this is not considered a suitable therapeutic option, 5-fluorouracil or capecitabine should be administered at a strongly reduced dose with early therapeutic drug monitoring. Patients who are intermediate metabolizers with an activity score of 1 or 1.5 should receive a dose reduction of 50%. Patients with the c.[2846A&gt;T];[2846A&gt;T] genotype may require a &gt;50% dose reduction.</p>\n",
      "version" : 0
    },
    "terms" : [ {"@id":"https://pharmgkb.org/ontologyTerm/cpicStatus/cpicStatus:1183847844","@context":"https://api.pharmgkb.org/jsonld/ontologyTerm.jsonld","id":1183847844,"resource":"CPIC Status","term":"A","termId":"cpicStatus:1183847844"} ],
    "textMarkdown" : {
      "id" : 1450180197,
      "html" : "<p>This annotation is based on the <a rel=\"noopener noreferrer\" href=\"https://cpicpgx.org/guidelines/guideline-for-fluoropyrimidines-and-dpyd/\" target=\"_blank\">CPIC&reg; guideline for fluoropyrimidines and DPYD</a>.</p>\n<h3 id=\"november-2018-update-on-pharmgkb\">November 2018 Update on PharmGKB</h3>\n<ul>\n<li>The DPYD guideline published in November 2017 recommended to reduce the dose of fluoropyrimidines by 25-50% (from the full standard dose) in DPYD Intermediate Metabolizers with an activity score of 1.5. At the time of the guideline publication, this dose range was recommended due to limited evidence for genotype-guided dosing of decreased function alleles/variants. However, a recent prospective study [Article:<a href=\"/pmid/30348537\">30348537</a>] provides evidence to support a recommendation for a 50% dose reduction in heterozygous carriers of the decreased function variants c.2846A&gt;T (<a href=\"https://www.pharmgkb.org/variant/PA166153895\">rs67376798</a>) or c.1129–5923C&gt;G (<a href=\"https://www.pharmgkb.org/variant/PA166153906\">rs75017182</a>); HapB3 or its tagging SNP c.1236G&gt;A; <a href=\"https://www.pharmgkb.org/variant/PA166153889\">rs56038477</a>). These data suggest that all Intermediate Metabolizers with an activity score of 1.5 should receive a 50% dose reduction. <strong>Therefore CPIC revised its recommendation such that all DPYD Intermediate Metabolizers should receive a 50% dose reduction from the full standard starting dose, whether the activity score is 1 or 1.5 followed by dose titration, based on clinical judgement and ideally therapeutic drug monitoring.</strong></li>\n<li>In addition, recent case reports from patients who are homozygous for c.2846A&gt;T (activity score of 1) indicate that a dose reduction of more than 50% may be required in some carriers of this genotype. <strong>Therefore, in patients with an activity score of 1 due to a homozygous c.[2846A&gt;T];[2846A&gt;T] genotype, clinicians should be aware that a &gt;50% reduction in starting dose might be warranted.</strong></li>\n</ul>\n<h3 id=\"november-2017-update\">November 2017 Update</h3>\n<p><em>Advance online publication November 2017</em></p>\n<ul>\n<li>The 2017 update of CPIC guidelines regarding 5-fluorouracil and capecitabine has been accepted for publication in Clinical Pharmacology and Therapeutics.  Literature up to March 2017 was reviewed, and recommendations and supplemental information were updated. In particular, the dosing recommendations were modified to only apply to 5-fluorouracil and capecitabine; they no longer apply to tegafur. Additionally, dosing recommendations are now given in the context of <a rel=\"noopener noreferrer\" href=\"https://www.ncbi.nlm.nih.gov/pubmed/26265346\" target=\"_blank\">DPYD activity score</a>.</li>\n<li>Excerpts from the 2017 dosing guideline update:\n<ul>\n<li>&quot;The strength of the prescribing recommendations is based on the known impact of some variants (c.1905+1G&gt;A, c.1679T&gt;G, c.2846A&gt;T, c.1129– 5923C&gt;G) on DPD activity, the demonstrated relationship between DPD activity and 5-fluorouracil clearance, and between 5-fluorouracil exposure and its toxic effects.&quot;</li>\n<li>&quot;At the time of this writing, data on the possible role of DPYD genetic variation in 5-fluorouracil toxicity in pediatric patient populations is extremely scarce; however, there is no evidence to suggest that 5-fluorouracil pharmacokinetics differ from adult patients, and thus no evidence that DPYD variants would affect 5-fluorouracil metabolism differently in children.&quot;</li>\n</ul>\n</li>\n<li>Download and read:\n<ul>\n<li><a rel=\"noopener noreferrer\" href=\"https://cpicpgx.org/content/guideline/publication/fluoropyrimidines/2017/29152729.pdf\" target=\"_blank\">Clinical Pharmacogenetics Implementation Consortium Guideline for Dihydropyrimidine Dehydrogenase Genotype and Fluoropyrimidine Dosing: 2017 Update</a></li>\n<li><a rel=\"noopener noreferrer\" href=\"https://cpicpgx.org/content/guideline/publication/fluoropyrimidines/2017/29152729-supplement.pdf\" target=\"_blank\">2017 supplement</a></li>\n<li><a href=\"https://www.pharmgkb.org/page/dpydRefMaterials\">Gene-specific Information Tables for DPYD</a></li>\n<li><a rel=\"noopener noreferrer\" href=\"https://cpicpgx.org/content/guideline/publication/fluoropyrimidines/Capecitabine_Drug_Resource_Mappings.xlsx\" target=\"_blank\">Capecitabine drug resource mapping</a></li>\n<li><a rel=\"noopener noreferrer\" href=\"https://cpicpgx.org/content/guideline/publication/fluoropyrimidines/Fluoropyrimidines_Pre_and_Post_Test_Alerts_and_Flow_Chart.xlsx\" target=\"_blank\">Fluoropyrimidines pre- and post-test alerts and flow chart</a></li>\n</ul>\n</li>\n</ul>\n<h3 id=\"table-1-recommended-dosing-of-fluoropyrimidines-by-genotype-phenotype\">Table 1: Recommended dosing of fluoropyrimidines by genotype/phenotype.</h3>\n<p><em>Adapted from Tables 1 and 2 of the 2017 guideline manuscript (November 2018 Update on PharmGKB).</em></p>\n<table class=\"table\">\n<thead>\n<tr><th>Likely Phenotype</th><th>Activity Score<sup>a</sup></th><th>Genotypes<sup>b</sup></th><th>Examples of genotypes<sup>c</sup></th><th>Implications</th><th>Dosing recommendations</th><th>Classification of recommendations<sup>d</sup></th></tr>\n</thead>\n<tbody>\n<tr><td><em>DPYD</em> Normal Metabolizer</td><td>2</td><td>An individual carrying two normal alleles</td><td>c.[=];[=], c.[85T&gt;C<sup>e</sup>];[=], c.[1627A&gt;G<sup>f</sup>];[=]</td><td>Normal DPD activity and “normal” risk for fluoropyrimidine toxicity</td><td>Based on genotype, there is no indication to change dose or therapy. Use label-recommended dosage and administration</td><td>Strong</td></tr>\n<tr><td><em>DPYD</em> Intermediate Metabolizer</td><td>1 or 1.5</td><td>An individual carrying one normal function allele plus one no function allele or one decreased function allele, or an individual carrying two decreased function alleles</td><td>c.[1905+1G&gt;A<sup>g</sup>];[=], c.[1679T&gt;G<sup>h</sup>];[=], c.[2846A&gt;T<sup>i</sup>];[=]; c.[1129–5923C&gt;G<sup>j</sup>];[=]; c.[1129–5923C&gt;G];[1129–5923C&gt;G]; c.[2846A&gt;T];[2846A&gt;T]</td><td>Decreased DPD activity (leukocyte DPD activity at 30% to 70% that of the normal population) and increased risk for severe or even fatal drug toxicity when treated with fluoropyrimidine drugs</td><td>Reduce starting dose by 50% followed by titration of dose based on toxicity or therapeutic drug monitoring (if available).<br/>Patients with the c.[2846A&gt;T];[2846A&gt;T] genotype may require &gt;50% reduction in starting dose.</td><td>Activity score 1: Strong<br/>Activity score 1.5: Moderate</td></tr>\n<tr><td><em>DPYD</em> Poor Metabolizer</td><td>0 or 0.5</td><td>An individual carrying two no function alleles or an individual carrying one no function plus one decreased function allele</td><td>c.[1905+1G&gt;A];[1905+1G&gt;A], c.[1679T&gt;G];[1679T&gt;G], c.[1905+1G&gt;A];[2846A&gt;T] c.[1905+1G&gt;A];[1129-5923C&gt;G]</td><td>Complete DPD deficiency and increased risk for severe or even fatal drug toxicity when treated with fluoropyrimidine drugs</td><td>Activity score 0.5: Avoid use of 5- fluorouracil or 5-fluorouracil prodrug-based regimens. In the event, based on clinical advice, alternative agents are not considered a suitable therapeutic option, 5-fluorouracil should be administered at a strongly reduced dose<sup>k</sup> with early therapeutic drug monitoring.<sup>l</sup><br/>Activity score 0: Avoid use of 5-fluorouracil or 5-fluorouracil prodrug-based regimens.</td><td>Strong</td></tr>\n</tbody>\n</table>\n<p><sup>a</sup> Calculated as the sum of the two lowest individual variant activity scores. See main guideline for further information.<br />\n<sup>b</sup> Allele definitions, assignment of allele function and references can be found using the <a href=\"https://www.pharmgkb.org/page/dpydRefMaterials\">DPYD Allele Functionality Table</a>.<br />\n<sup>c</sup> HGVS nomenclature using the reference sequence NM_000110.3.<br />\n<sup>d</sup> Rating scheme described in the <a rel=\"noopener noreferrer\" href=\"https://cpicpgx.org/content/guideline/publication/fluoropyrimidines/2013/23988873-supplement.pdf\" target=\"_blank\">Supplement</a>.<br />\n<sup>e</sup> Also known as <a href=\"/variant/PA166153648\">rs1801265</a> or DPYD*9A<br />\n<sup>f</sup> Also known as <a href=\"/variant/PA166153646\">rs1801159</a> or DPYD*5<br />\n<sup>g</sup> Also known as <a href=\"/variant/PA166153760\">rs3918290</a> or DPYD*2A<br />\n<sup>h</sup> Also known as <a href=\"/variant/PA166153888\">rs55886062</a> or DPYD*13<br />\n<sup>i</sup> Also known as <a href=\"/variant/PA166153895\">rs67376798</a><br />\n<sup>j</sup> Also known as <a href=\"/variant/PA166153906\">rs75017182</a>. Likely HapB3 causal variant. See <a href=\"https://www.pharmgkb.org/page/dpydRefMaterials\">DPYD Allele Functionality Table</a> for other HapB3 proxy SNPs.<br />\n<sup>k</sup> If available, a phenotyping test (see main text for further details) should be considered to estimate the starting dose. In absence of phenotyping data, a dose of &lt;25% of the normal starting dose is estimated assuming additive effects of alleles on 5-FU clearance.<br />\n<sup>l</sup> Therapeutic drug monitoring should be done at the earliest time point possible (e.g., minimum time point in steady state) in order to immediately discontinue the infusion if the drug level is too high.</p>\n<h3 id=\"may-2014-update-on-pharmgkb\">May 2014 Update on PharmGKB</h3>\n<ul>\n<li>The CPIC authors recommend that the <em>DPYD*4</em>, <em>*5</em>, <em>*6</em> and <em>*9A</em> alleles be categorized as &quot;normal&quot; activity, in part based upon the recent publication <a rel=\"noopener noreferrer\" href=\"http://www.ncbi.nlm.nih.gov/pubmed/?term=24648345\" target=\"_blank\">Comparative Functional Analysis of DPYD Variants of Potential Clinical Relevance to Dihydropyrimidine Dehydrogenase Activity</a>.</li>\n</ul>\n<h3 id=\"december-2013-publication\">December 2013 Publication</h3>\n<p><em>Advance online publication October 2013.</em></p>\n<ul>\n<li>Guidelines regarding the use of pharmacogenomic tests in dosing for fluoropyrimidines have been published in <em>Clinical Pharmacology and Therapeutics</em> by the Clinical Pharmacogenetics Implementation Consortium <a rel=\"noopener noreferrer\" href=\"https://cpicpgx.org/\" target=\"_blank\">(CPIC)</a>.</li>\n<li>Download and read:\n<ul>\n<li><a rel=\"noopener noreferrer\" href=\"https://cpicpgx.org/content/guideline/publication/fluoropyrimidines/2013/23988873.pdf\" target=\"_blank\">Clinical Pharmacogenetics Implementation Consortium Guidelines for Dihydropyrimidine Dehydrogenase Genotype and Fluoropyrimidine Dosing</a></li>\n<li><a rel=\"noopener noreferrer\" href=\"https://cpicpgx.org/content/guideline/publication/fluoropyrimidines/2013/23988873-supplement.pdf\" target=\"_blank\">2013 supplement</a></li>\n</ul>\n</li>\n</ul>\n",
      "version" : 0
    },
    "userId" : "carrillo",
    "version" : 39,
    "xrefs" : [ {"@id":"https://pharmgkb.org/crossReference/url/https://cpicpgx.org/guidelines/guideline-for-fluoropyrimidines-and-dpyd/","@context":"https://api.pharmgkb.org/jsonld/crossReference.jsonld","id":1447983463,"resource":"URL","resourceId":"https://cpicpgx.org/guidelines/guideline-for-fluoropyrimidines-and-dpyd/","_url":"https://cpicpgx.org/guidelines/guideline-for-fluoropyrimidines-and-dpyd/"} ]
  }
}