{
  "citations" : [ {
    "@id" : "https://pharmgkb.org/literature/7283333",
    "@context" : "https://api.pharmgkb.org/jsonld/literature.jsonld",
    "id" : 7283333,
    "resourceId" : "21412232",
    "title" : "Pharmacogenetics: from bench to byte--an update of guidelines.",
    "_sameAs" : "https://www.ncbi.nlm.nih.gov/pubmed/21412232",
    "authors" : [ "Swen J J", "Nijenhuis M", "de Boer A", "Grandia L", "Maitland-van der Zee A H", "Mulder H", "Rongen G A P J M", "van Schaik R H N", "Schalekamp T", "Touw D J", "van der Weide J", "Wilffert B", "Deneer V H M", "Guchelaar H-J" ],
    "hasKeyword" : true,
    "journal" : "Clinical pharmacology and therapeutics",
    "meshDiseases" : [ ],
    "meshTerms" : [ "Animals", "Aryl Hydrocarbon Hydroxylases", "Cytochrome P-450 CYP2C9", "Drug Administration Schedule", "Drug-Related Side Effects and Adverse Reactions", "Humans", "Pharmaceutical Preparations", "Pharmacogenetics", "Practice Guidelines as Topic" ],
    "month" : 5,
    "nonHuman" : false,
    "objCls" : "Literature",
    "page" : "662-73",
    "pgkbPublication" : false,
    "pubDate" : "2011-05-01T00:00:00-07:00",
    "summary" : "Currently, there are very few guidelines linking the results of pharmacogenetic tests to specific therapeutic recommendations. Therefore, the Royal Dutch Association for the Advancement of Pharmacy established the Pharmacogenetics Working Group with the objective of developing pharmacogenetics-based therapeutic (dose) recommendations. After systematic review of the literature, recommendations were developed for 53 drugs associated with genes coding for CYP2D6, CYP2C19, CYP2C9, thiopurine-S-methyltransferase (TPMT), dihydropyrimidine dehydrogenase (DPD), vitamin K epoxide reductase (VKORC1), uridine diphosphate glucuronosyltransferase 1A1 (UGT1A1), HLA-B44, HLA-B*5701, CYP3A5, and factor V Leiden (FVL).",
    "type" : "Article",
    "version" : 2,
    "volume" : "89",
    "xrefs" : [ {"@id":"https://pharmgkb.org/crossReference/pubMed/21412232","@context":"https://api.pharmgkb.org/jsonld/crossReference.jsonld","id":769250885,"resource":"PubMed","resourceId":"21412232","_url":"https://www.ncbi.nlm.nih.gov/pubmed/21412232"}, {"@id":"https://pharmgkb.org/crossReference/doi/10.1038/clpt.2011.34","@context":"https://api.pharmgkb.org/jsonld/crossReference.jsonld","id":1449247827,"resource":"DOI","resourceId":"10.1038/clpt.2011.34","_url":"http://dx.doi.org/10.1038%2Fclpt.2011.34"} ],
    "year" : 2011
  } ],
  "guideline" : {
    "@id" : "https://pharmgkb.org/guidelineAnnotation/PA166104969",
    "@context" : "https://api.pharmgkb.org/jsonld/guidelineAnnotation.jsonld",
    "objCls" : "Guideline Annotation",
    "id" : "PA166104969",
    "name" : "Annotation of DPWG Guideline for flecainide and CYP2D6",
    "cancerGenome" : false,
    "descriptiveVideoId" : "",
    "guidelineGenes" : [ ],
    "history" : [ {
      "id" : 1183704471,
      "date" : "2011-08-10T00:00:00-07:00",
      "type" : "Create",
      "version" : 0
    }, {
      "id" : 1450415007,
      "date" : "2019-05-23T00:00:00-07:00",
      "description" : "Annotation current with November 2018 DPWG Guideline release",
      "type" : "Update",
      "version" : 0
    }, {
      "id" : 1450820628,
      "date" : "2019-10-03T10:16:41.319-07:00",
      "description" : "No changes based on August 2019 guideline",
      "type" : "Note",
      "version" : 0
    }, {
      "id" : 1450956347,
      "date" : "2020-01-31T13:29:47.086-08:00",
      "description" : "Updated link to 2011 DPWG methods",
      "type" : "Update",
      "version" : 0
    } ],
    "literature" : [ {"@id":"https://pharmgkb.org/literature/7283333","@context":"https://api.pharmgkb.org/jsonld/literature.jsonld","id":7283333,"resourceId":"21412232","title":"Pharmacogenetics: from bench to byte--an update of guidelines.","_sameAs":"https://www.ncbi.nlm.nih.gov/pubmed/21412232","objCls":"Literature","type":"Article","xrefs":[{"@id":"https://pharmgkb.org/crossReference/pubMed/21412232","@context":"https://api.pharmgkb.org/jsonld/crossReference.jsonld","id":769250885,"resource":"PubMed","resourceId":"21412232","_url":"https://www.ncbi.nlm.nih.gov/pubmed/21412232"},{"@id":"https://pharmgkb.org/crossReference/doi/10.1038/clpt.2011.34","@context":"https://api.pharmgkb.org/jsonld/crossReference.jsonld","id":1449247827,"resource":"DOI","resourceId":"10.1038/clpt.2011.34","_url":"http://dx.doi.org/10.1038%2Fclpt.2011.34"}]}, {"@id":"https://pharmgkb.org/literature/15103288","@context":"https://api.pharmgkb.org/jsonld/literature.jsonld","id":15103288,"resourceId":"https://www.knmp.nl/downloads/pharmacogenetic-recommendations-august-2019.pdf","title":"Dutch Pharmacogenetics Working Group Guidelines August 2019","_sameAs":"https://www.knmp.nl/downloads/pharmacogenetic-recommendations-august-2019.pdf","objCls":"Literature","type":"Web Page","xrefs":[{"@id":"https://pharmgkb.org/crossReference/url/https://www.knmp.nl/downloads/pharmacogenetic-recommendations-august-2019.pdf","@context":"https://api.pharmgkb.org/jsonld/crossReference.jsonld","id":1450815695,"resource":"URL","resourceId":"https://www.knmp.nl/downloads/pharmacogenetic-recommendations-august-2019.pdf","_url":"https://www.knmp.nl/downloads/pharmacogenetic-recommendations-august-2019.pdf"}]}, {"@id":"https://pharmgkb.org/literature/15102465","@context":"https://api.pharmgkb.org/jsonld/literature.jsonld","id":15102465,"resourceId":"https://www.knmp.nl/downloads/pharmacogenetic-recommendations-november-2018.pdf","title":"Dutch Pharmacogenetics Working Group Guidelines November 2018","_sameAs":"https://www.knmp.nl/downloads/pharmacogenetic-recommendations-november-2018.pdf","objCls":"Literature","type":"Web Page","xrefs":[{"@id":"https://pharmgkb.org/crossReference/url/https://www.knmp.nl/downloads/pharmacogenetic-recommendations-november-2018.pdf","@context":"https://api.pharmgkb.org/jsonld/crossReference.jsonld","id":1450415575,"resource":"URL","resourceId":"https://www.knmp.nl/downloads/pharmacogenetic-recommendations-november-2018.pdf","_url":"https://www.knmp.nl/downloads/pharmacogenetic-recommendations-november-2018.pdf"}]} ],
    "recommendation" : true,
    "relatedAlleles" : [ ],
    "relatedChemicals" : [ {
      "@id" : "https://pharmgkb.org/chemical/PA449646",
      "@context" : "https://api.pharmgkb.org/jsonld/chemical.jsonld",
      "objCls" : "Chemical",
      "id" : "PA449646",
      "name" : "flecainide",
      "version" : 10
    } ],
    "relatedGenes" : [ {
      "@id" : "https://pharmgkb.org/gene/PA128",
      "@context" : "https://api.pharmgkb.org/jsonld/gene.jsonld",
      "objCls" : "Gene",
      "id" : "PA128",
      "symbol" : "CYP2D6",
      "name" : "cytochrome P450 family 2 subfamily D member 6",
      "version" : 7888
    } ],
    "source" : "Dutch Pharmacogenetics Working Group",
    "summaryMarkdown" : {
      "id" : 1447981986,
      "html" : "<p>Reduce flecainide dose by 50% for CYP2D6 poor metabolizer (PM) and record an ECG and monitor the plasma concentration. Reduce flecainide dose to 75% of the standard dose for CYP2D6 intermediate metabolizer (IM) patients with indications other than diagnosis of Brugada syndrome and record an ECG and monitor the plasma concentration.</p>\n",
      "version" : 1
    },
    "summaryVideoId" : "",
    "terms" : [ ],
    "textMarkdown" : {
      "id" : 1447981985,
      "html" : "<h3 id=\"november-2018-update\">November 2018 Update</h3>\n<p>The Royal Dutch Pharmacists Association - Pharmacogenetics Working Group has evaluated therapeutic dose recommendations for flecainide based on CYP2D6 genotype.  They recommend reducing flecainide dose by 50% for CYP2D6 poor metabolizer (PM) and recording an ECG and monitor the plasma concentration. For CYP2D6 intermediate metabolizer (IM) patients with indications other than diagnosis of Brugada syndrome, they recommend reducing the dose to 75% of the standard dose and record an ECG and monitor the plasma concentration.</p>\n<p><em>Wording in table taken from <a rel=\"noopener noreferrer\" href=\"https://www.knmp.nl/downloads/pharmacogenetic-recommendations-november-2018.pdf\" target=\"_blank\">the Dutch guidelines</a></em></p>\n<table class=\"table\">\n<thead>\n<tr><th>Allele/Genotype/Phenotype</th><th>Drug</th><th>Description</th><th>Recommendation</th></tr>\n</thead>\n<tbody>\n<tr><td>CYP2D6 IM</td><td>flecainide</td><td>The genetic variation reduces conversion of flecainide to inactive metabolites. This may increase the risk of side effects.</td><td>1. Indications other than diagnosis of Brugada syndrome: reduce the dose to 75% of the standard dose and record an ECG and monitor the plasma concentration.2.Provocation test for diagnosis of Brugada syndrome:No action required.At a dose of 2.0 mg/kg body weight to a maximum of 150 mg, the response is better for patients with alleles that result in reduced activity.All 5 patients with these alleles and 20% of the patients with two fully active alleles exhibited a response within 30 minutes.</td></tr>\n<tr><td>CYP2D6 PM</td><td>flecanide</td><td>The genetic variation reduces conversion of flecainide to inactive metabolites. This increases the risk of side effects.</td><td>1. reduce the dose to 50% of the standard dose and record an ECG and monitor the plasma concentration.</td></tr>\n<tr><td>CYP2D6 UM</td><td>flecanide</td><td>The genetic variation increases conversion of flecainide to inactive metabolites. A higher dose is possibly required as a result.</td><td>There are no data about the pharmacokinetics and/or the effects of flecainide in UM. Monitor the plasma concentration as a precaution and record an ECG or select an alternative. Examples of anti-arrhythmic drugs that are not metabolized via CYP2D6 (or to a lesser extent) include sotalol, disopyramide, quinidine and amiodarone.</td></tr>\n</tbody>\n</table>\n<p><a rel=\"noopener noreferrer\" href=\"https://www.g-standaard.nl/risicoanalyse/B0001594.PDF\" target=\"_blank\">Read for more information about this recommendation</a>, <a rel=\"noopener noreferrer\" href=\"https://www.knmp.nl/producten/gebruiksrecht-g-standaard/medicatiebewaking-g-standaard/background-information-pharmacogenetics\" target=\"_blank\">Read about gene information from DPWG</a></p>\n<h3 id=\"2011-guideline\">2011 Guideline</h3>\n<p>The Royal Dutch Pharmacists Association - Pharmacogenetics Working Group has evaluated therapeutic dose recommendations for flecainide based on CYP2D6 genotypes [Article:<a href=\"/pmid/21412232\">21412232</a>].  They recommend a lower dose for patients carrying the poor metabolizer (PM) alleles and intermediate metabolizer (IM) alleles.</p>\n<table class=\"table\">\n<thead>\n<tr><th>Phenotype (Genotype)</th><th>Therapeutic Dose Recommendation</th><th>Level of Evidence</th><th>Clinical Relevance</th></tr>\n</thead>\n<tbody>\n<tr><td>PM (two inactive (*3-*8, *11-*16, *19-*21, *38, *40, *42) alleles)</td><td>Reduce dose by 50%, record ECG, monitor plasma concentration.</td><td>Published controlled studies of good quality* relating to phenotyped and/or genotyped patients or healthy volunteers, and having relevant pharmacokinetic or clinical endpoints.</td><td>Minor clinical effect (S): QTc prolongation (&lt;450 ms female, &lt;470 ms male); INR increase &lt; 4.5; Kinetic effect (S)</td></tr>\n<tr><td>IM (two decreased-activity (*9, *10, *17, *29, *36, *41) alleles or carrying one active (*1, *2, *33, *35) and one inactive (*3-*8, *11-*16, *19-*21, *38, *40, *42) allele, or carrying one decreased-activity (*9, *10, *17, *29, *36, *41) allele and one inactive (*3-*8, *11-*16, *19-*21, *38, *40, *42) allele)</td><td>Reduce dose by 25%, record ECG, monitor plasma concentration.</td><td>Published controlled studies of moderate quality* relating to phenotyped and/or genotyped patients or healthy volunteers, and having relevant pharmacokinetic or clinical endpoints.</td><td>Minor clinical effect (S): QTc prolongation (&lt;450 ms female, &lt;470 ms male); INR increase &lt; 4.5; Kinetic effect (S)</td></tr>\n<tr><td>UM (a gene duplication in absence of inactive (*3-*8, *11-*16, *19-*21, *38, *40, *42) or decreased-activity (*9, *10, *17, *29, *36, *41) alleles)</td><td>Record ECG and monitor plasma concentration or select alternative drug (e.g., sotalol, disopyramide, quinidine, amiodarone).</td><td>no evidence.</td><td>--</td></tr>\n</tbody>\n</table>\n<ul>\n<li>*See <a href=\"http://www.pharmgkb.org/page/dpwg\">Methods </a> or [Article:<a href=\"/pmid/18253145\">18253145</a>] for definition of &quot;good&quot; and &quot;moderate&quot; quality.</li>\n<li>S: statistically significant difference.</li>\n</ul>\n",
      "version" : 11
    },
    "userId" : "cfthorn",
    "version" : 22,
    "xrefs" : [ ]
  }
}