{
  "citations" : [ {
    "@id" : "https://pharmgkb.org/literature/7283333",
    "@context" : "https://api.pharmgkb.org/jsonld/literature.jsonld",
    "id" : 7283333,
    "resourceId" : "21412232",
    "title" : "Pharmacogenetics: from bench to byte--an update of guidelines.",
    "_sameAs" : "https://www.ncbi.nlm.nih.gov/pubmed/21412232",
    "authors" : [ "Swen J J", "Nijenhuis M", "de Boer A", "Grandia L", "Maitland-van der Zee A H", "Mulder H", "Rongen G A P J M", "van Schaik R H N", "Schalekamp T", "Touw D J", "van der Weide J", "Wilffert B", "Deneer V H M", "Guchelaar H-J" ],
    "hasKeyword" : true,
    "journal" : "Clinical pharmacology and therapeutics",
    "meshDiseases" : [ ],
    "meshTerms" : [ "Animals", "Aryl Hydrocarbon Hydroxylases", "Cytochrome P-450 CYP2C9", "Drug Administration Schedule", "Drug-Related Side Effects and Adverse Reactions", "Humans", "Pharmaceutical Preparations", "Pharmacogenetics", "Practice Guidelines as Topic" ],
    "month" : 5,
    "nonHuman" : false,
    "objCls" : "Literature",
    "page" : "662-73",
    "pgkbPublication" : false,
    "pubDate" : "2011-05-01T00:00:00-07:00",
    "summary" : "Currently, there are very few guidelines linking the results of pharmacogenetic tests to specific therapeutic recommendations. Therefore, the Royal Dutch Association for the Advancement of Pharmacy established the Pharmacogenetics Working Group with the objective of developing pharmacogenetics-based therapeutic (dose) recommendations. After systematic review of the literature, recommendations were developed for 53 drugs associated with genes coding for CYP2D6, CYP2C19, CYP2C9, thiopurine-S-methyltransferase (TPMT), dihydropyrimidine dehydrogenase (DPD), vitamin K epoxide reductase (VKORC1), uridine diphosphate glucuronosyltransferase 1A1 (UGT1A1), HLA-B44, HLA-B*5701, CYP3A5, and factor V Leiden (FVL).",
    "type" : "Article",
    "version" : 2,
    "volume" : "89",
    "xrefs" : [ {"@id":"https://pharmgkb.org/crossReference/pubMed/21412232","@context":"https://api.pharmgkb.org/jsonld/crossReference.jsonld","id":769250885,"resource":"PubMed","resourceId":"21412232","_url":"https://www.ncbi.nlm.nih.gov/pubmed/21412232"}, {"@id":"https://pharmgkb.org/crossReference/doi/10.1038/clpt.2011.34","@context":"https://api.pharmgkb.org/jsonld/crossReference.jsonld","id":1449247827,"resource":"DOI","resourceId":"10.1038/clpt.2011.34","_url":"http://dx.doi.org/10.1038%2Fclpt.2011.34"} ],
    "year" : 2011
  } ],
  "guideline" : {
    "@id" : "https://pharmgkb.org/guidelineAnnotation/PA166104940",
    "@context" : "https://api.pharmgkb.org/jsonld/guidelineAnnotation.jsonld",
    "objCls" : "Guideline Annotation",
    "id" : "PA166104940",
    "name" : "Annotation of DPWG Guideline for phenprocoumon and VKORC1",
    "cancerGenome" : false,
    "descriptiveVideoId" : "",
    "guidelineGenes" : [ ],
    "history" : [ {
      "id" : 1183704517,
      "date" : "2011-08-10T00:00:00-07:00",
      "type" : "Create",
      "version" : 0
    }, {
      "id" : 1450415348,
      "date" : "2019-05-28T00:00:00-07:00",
      "description" : "Annotation current with November 2018 DPWG Guideline release",
      "type" : "Update",
      "version" : 0
    }, {
      "id" : 1450821023,
      "date" : "2019-10-07T18:14:28.619-07:00",
      "description" : "No changes based on August 2019 guideline",
      "type" : "Update",
      "version" : 0
    }, {
      "id" : 1450956393,
      "date" : "2020-01-31T13:44:49.466-08:00",
      "description" : "Updated link to 2011 DPWG methods",
      "type" : "Update",
      "version" : 0
    } ],
    "literature" : [ {"@id":"https://pharmgkb.org/literature/7283333","@context":"https://api.pharmgkb.org/jsonld/literature.jsonld","id":7283333,"resourceId":"21412232","title":"Pharmacogenetics: from bench to byte--an update of guidelines.","_sameAs":"https://www.ncbi.nlm.nih.gov/pubmed/21412232","objCls":"Literature","type":"Article","xrefs":[{"@id":"https://pharmgkb.org/crossReference/pubMed/21412232","@context":"https://api.pharmgkb.org/jsonld/crossReference.jsonld","id":769250885,"resource":"PubMed","resourceId":"21412232","_url":"https://www.ncbi.nlm.nih.gov/pubmed/21412232"},{"@id":"https://pharmgkb.org/crossReference/doi/10.1038/clpt.2011.34","@context":"https://api.pharmgkb.org/jsonld/crossReference.jsonld","id":1449247827,"resource":"DOI","resourceId":"10.1038/clpt.2011.34","_url":"http://dx.doi.org/10.1038%2Fclpt.2011.34"}]}, {"@id":"https://pharmgkb.org/literature/15103288","@context":"https://api.pharmgkb.org/jsonld/literature.jsonld","id":15103288,"resourceId":"https://www.knmp.nl/downloads/pharmacogenetic-recommendations-august-2019.pdf","title":"Dutch Pharmacogenetics Working Group Guidelines August 2019","_sameAs":"https://www.knmp.nl/downloads/pharmacogenetic-recommendations-august-2019.pdf","objCls":"Literature","type":"Web Page","xrefs":[{"@id":"https://pharmgkb.org/crossReference/url/https://www.knmp.nl/downloads/pharmacogenetic-recommendations-august-2019.pdf","@context":"https://api.pharmgkb.org/jsonld/crossReference.jsonld","id":1450815695,"resource":"URL","resourceId":"https://www.knmp.nl/downloads/pharmacogenetic-recommendations-august-2019.pdf","_url":"https://www.knmp.nl/downloads/pharmacogenetic-recommendations-august-2019.pdf"}]}, {"@id":"https://pharmgkb.org/literature/15102465","@context":"https://api.pharmgkb.org/jsonld/literature.jsonld","id":15102465,"resourceId":"https://www.knmp.nl/downloads/pharmacogenetic-recommendations-november-2018.pdf","title":"Dutch Pharmacogenetics Working Group Guidelines November 2018","_sameAs":"https://www.knmp.nl/downloads/pharmacogenetic-recommendations-november-2018.pdf","objCls":"Literature","type":"Web Page","xrefs":[{"@id":"https://pharmgkb.org/crossReference/url/https://www.knmp.nl/downloads/pharmacogenetic-recommendations-november-2018.pdf","@context":"https://api.pharmgkb.org/jsonld/crossReference.jsonld","id":1450415575,"resource":"URL","resourceId":"https://www.knmp.nl/downloads/pharmacogenetic-recommendations-november-2018.pdf","_url":"https://www.knmp.nl/downloads/pharmacogenetic-recommendations-november-2018.pdf"}]} ],
    "recommendation" : true,
    "relatedAlleles" : [ ],
    "relatedChemicals" : [ {
      "@id" : "https://pharmgkb.org/chemical/PA450921",
      "@context" : "https://api.pharmgkb.org/jsonld/chemical.jsonld",
      "objCls" : "Chemical",
      "id" : "PA450921",
      "name" : "phenprocoumon",
      "version" : 5
    } ],
    "relatedGenes" : [ {
      "@id" : "https://pharmgkb.org/gene/PA133787052",
      "@context" : "https://api.pharmgkb.org/jsonld/gene.jsonld",
      "objCls" : "Gene",
      "id" : "PA133787052",
      "symbol" : "VKORC1",
      "name" : "vitamin K epoxide reductase complex subunit 1",
      "version" : 15
    } ],
    "source" : "Dutch Pharmacogenetics Working Group",
    "summaryMarkdown" : {
      "id" : 1447981860,
      "html" : "<p>Patients with the VKORC1 -1639 (rs9923231) AA genotype is recommended to be given 50% of the standard initial dose of phenprocoumon and more frequent monitoring of INR. The genotype-specific initial dose and maintenance dose can be calculated using an algorithm. There is no recommendation for patients with the VKORC1 -1639 AG genotype.</p>\n",
      "version" : 9
    },
    "summaryVideoId" : "",
    "terms" : [ ],
    "textMarkdown" : {
      "id" : 1447981859,
      "html" : "<h3 id=\"november-2018-update\">November 2018 Update</h3>\n<p>The Royal Dutch Pharmacists Association - Pharmacogenetics Working Group (DPWG) has evaluated therapeutic dose recommendations for phenprocoumon based on VKORC1 genotype. They recommend that patients with the VKORC1 -1639 (<a href=\"/variant/PA166155091\">rs9923231</a>) AA genotype receive 50% of the standard initial dose and more frequent monitoring of INR. The genotype-specific initial dose and maintenance dose can be calculated using an algorithm. There is no recommendation for patients with the VKORC1 -1639 AG genotype.</p>\n<p><em>Wording in table taken from the <a rel=\"noopener noreferrer\" href=\"https://www.knmp.nl/downloads/pharmacogenetic-recommendations-november-2018.pdf\" target=\"_blank\">Dutch guidelines</a>.</em></p>\n<table class=\"table\">\n<thead>\n<tr><th>Allele/Genotype/Phenotype</th><th>Drug</th><th>Description &nbsp; &nbsp; &nbsp; &nbsp; &nbsp; &nbsp; &nbsp; &nbsp; &nbsp; &nbsp; &nbsp; &nbsp;</th><th>Recommendation &nbsp; &nbsp; &nbsp; &nbsp; &nbsp; &nbsp; &nbsp; &nbsp; &nbsp; &nbsp; &nbsp; &nbsp; &nbsp; &nbsp; &nbsp; &nbsp; &nbsp; &nbsp; &nbsp; &nbsp; &nbsp; &nbsp; &nbsp; &nbsp;</th></tr>\n</thead>\n<tbody>\n<tr><td>VKORC1 -1639 AA</td><td>phenprocoumon</td><td>An INR = 6, resulting in an increased risk of bleeding, occurs in 17% of these patients with standard regulation by the Anticoagulation Clinic. The genetic variation increases the sensitivity to phenprocoumon.</td><td>1. Monitoring by a ANTICOAGULATION CLINIC: recommend to use 50% of the standard initial dose.<br/>2.NO monitoring by a anticoagulation clinic: recommend to use 50% of the standard initial dose, recommend more frequent monitoring of the INR.<br/>For patients younger than 75 years, the initial dose and the maintenance dose can be calculated using an algorithm as found in EUPACT: see https://www.knmp.nl/patientenzorg/medicatiebewaking/farmacogenetica for a calculation tool in the form of an Excel file. However, for patients aged 75 years and older, this algorithm increases the risk of an INR above the therapeutic range compared to an algorithm without gene variations. Therefore, use of this algorithm is not recommended for these patients.</td></tr>\n<tr><td>VKORC1 -1639 AG</td><td>phenprocoumon</td><td>The gene variation leads to a lower dose requirement, but regular monitoring of patients ensures that this does not lead to a distinct increase in the risk of bleeding.</td><td>NO action is needed for this gene-drug interaction</td></tr>\n</tbody>\n</table>\n<p><a rel=\"noopener noreferrer\" href=\"https://www.g-standaard.nl/risicoanalyse/B0001912.PDF\" target=\"_blank\">Read for more information about this recommendation</a>, <a rel=\"noopener noreferrer\" href=\"https://www.knmp.nl/producten/gebruiksrecht-g-standaard/medicatiebewaking-g-standaard/background-information-pharmacogenetics\" target=\"_blank\">Read about gene information from DPWG</a></p>\n<h3 id=\"2011-guideline\">2011 Guideline:</h3>\n<p>The Royal Dutch Pharmacists Association - Pharmacogenetics Working Group has evaluated therapeutic dose recommendations for phenprocoumon based on VKORC1 genotype [Article:<a href=\"/pmid/21412232\">21412232</a>].  They found that VKORC1 <a href=\"/variant/PA166155096\">rs9934438</a> genotype contributes to dose variability.  However, they make no dosing recommendations at this time &quot;because of strict international normalized ratio monitoring by the Dutch Thrombosis Service.&quot;</p>\n<table class=\"table\">\n<thead>\n<tr><th>Genotype</th><th>Therapeutic Dose Recommendation</th><th>Level of Evidence</th><th>Clinical Relevance</th></tr>\n</thead>\n<tbody>\n<tr><td>VKORC1 <a href=\"/variant/PA166155096\">rs9934438</a> AG</td><td>None</td><td>Published controlled studies of good quality* relating to phenotyped and/or genotyped patients or healthy volunteers, and having relevant pharmacokinetic or clinical endpoints.</td><td>Minor clinical effect (S): QTc prolongation (&lt;450 ms , &lt;470 ms); INR increase &lt; 4.5 Kinetic effect (S).</td></tr>\n<tr><td>VKORC1 <a href=\"/variant/PA166155096\">rs9934438</a> AA</td><td>Check INR more frequently.</td><td>Published controlled studies of good quality* relating to phenotyped and/or genotyped patients or healthy volunteers, and having relevant pharmacokinetic or clinical endpoints.</td><td>Minor clinical effect (S): QTc prolongation (&lt;450 ms , &lt;470 ms); INR increase &lt; 4.5 Kinetic effect (S).</td></tr>\n</tbody>\n</table>\n<ul>\n<li>*See <a href=\"http://www.pharmgkb.org/page/dpwg\">Methods </a> or [Article:<a href=\"/pmid/18253145\">18253145</a>] for definition of &quot;good quality.&quot;</li>\n<li>S: statistically significant difference.</li>\n</ul>\n",
      "version" : 12
    },
    "userId" : "alie",
    "version" : 22,
    "xrefs" : [ ]
  }
}