{
  "citations" : [ {
    "@id" : "https://pharmgkb.org/literature/15080841",
    "@context" : "https://api.pharmgkb.org/jsonld/literature.jsonld",
    "id" : 15080841,
    "resourceId" : "25099164",
    "title" : "Clinical pharmacogenetics implementation consortium guidelines for CYP2C9 and HLA-B genotypes and phenytoin dosing.",
    "_sameAs" : "https://www.ncbi.nlm.nih.gov/pmc/articles/PMC4206662",
    "authors" : [ "Caudle K E", "Rettie A E", "Whirl-Carrillo M", "Smith L H", "Mintzer S", "Lee M T M", "Klein T E", "Callaghan J T", "Clinical Pharmacogenetics Implementation Consortium" ],
    "hasKeyword" : true,
    "journal" : "Clinical pharmacology and therapeutics",
    "meshDiseases" : [ ],
    "meshTerms" : [ "Anticonvulsants", "Cytochrome P-450 CYP2C9", "Genotype", "HLA-B Antigens", "Humans", "Pharmacogenetics", "Phenotype", "Phenytoin" ],
    "month" : 11,
    "nonHuman" : false,
    "objCls" : "Literature",
    "page" : "542-8",
    "pgkbPublication" : true,
    "pubDate" : "2014-11-01T00:00:00-07:00",
    "summary" : "Phenytoin is a widely used antiepileptic drug with a narrow therapeutic index and large interpatient variability, partly due to genetic variations in the gene encoding cytochrome P450 (CYP)2C9 (CYP2C9). Furthermore, the variant allele HLA-B*15:02, encoding human leukocyte antigen, is associated with an increased risk of Stevens-Johnson syndrome and toxic epidermal necrolysis in response to phenytoin treatment. We summarize evidence from the published literature supporting these associations and provide recommendations for the use of phenytoin based on CYP2C9 and/or HLA-B genotype (also available on PharmGKB: http://www.pharmgkb.org). The purpose of this guideline is to provide information for the interpretation of HLA-B and/or CYP2C9 genotype tests so that the results can guide dosing and/or use of phenytoin. Detailed guidelines for the use of phenytoin as well as analyses of cost-effectiveness are out of scope. Clinical Pharmacogenetics Implementation Consortium (CPIC) guidelines are periodically updated at http://www.pharmgkb.org.",
    "type" : "Article",
    "version" : 5,
    "volume" : "96",
    "xrefs" : [ {"@id":"https://pharmgkb.org/crossReference/pmc/PMC4206662","@context":"https://api.pharmgkb.org/jsonld/crossReference.jsonld","id":1449282294,"resource":"PubMed Central","resourceId":"PMC4206662","_url":"https://www.ncbi.nlm.nih.gov/pmc/articles/PMC4206662"}, {"@id":"https://pharmgkb.org/crossReference/pubMed/25099164","@context":"https://api.pharmgkb.org/jsonld/crossReference.jsonld","id":1449282293,"resource":"PubMed","resourceId":"25099164","_url":"https://www.ncbi.nlm.nih.gov/pubmed/25099164"}, {"@id":"https://pharmgkb.org/crossReference/doi/10.1038/clpt.2014.159","@context":"https://api.pharmgkb.org/jsonld/crossReference.jsonld","id":1449282295,"resource":"DOI","resourceId":"10.1038/clpt.2014.159","_url":"http://dx.doi.org/10.1038%2Fclpt.2014.159"} ],
    "year" : 2014
  } ],
  "guideline" : {
    "@id" : "https://pharmgkb.org/guidelineAnnotation/PA166122806",
    "@context" : "https://api.pharmgkb.org/jsonld/guidelineAnnotation.jsonld",
    "objCls" : "Guideline Annotation",
    "id" : "PA166122806",
    "name" : "Annotation of CPIC Guideline for phenytoin and CYP2C9,HLA-B",
    "cancerGenome" : false,
    "descriptiveVideoId" : "GfDInZklKEw",
    "guidelineGenes" : [ {
      "id" : 1449560540,
      "alleles" : [ {
        "id" : 1449560541,
        "_label" : "*16",
        "function" : {
          "@id" : "https://pharmgkb.org/ontologyTerm/alleleFunction/haplotypeTags:1448569185",
          "@context" : "https://api.pharmgkb.org/jsonld/ontologyTerm.jsonld",
          "id" : 1448569185,
          "parents" : [ ],
          "resource" : "Allele Function",
          "term" : "Unknown or Uncertain function",
          "termId" : "haplotypeTags:1448569185",
          "version" : 2
        },
        "haplotype" : {
          "@id" : "https://pharmgkb.org/haplotype/PA165816557",
          "@context" : "https://api.pharmgkb.org/jsonld/haplotype.jsonld",
          "objCls" : "Haplotype",
          "id" : "PA165816557",
          "symbol" : "CYP2C9*16",
          "name" : "*16",
          "version" : 7
        },
        "version" : 0
      }, {
        "id" : 1449560542,
        "_label" : "*17",
        "function" : {
          "@id" : "https://pharmgkb.org/ontologyTerm/alleleFunction/haplotypeTags:1448569185",
          "@context" : "https://api.pharmgkb.org/jsonld/ontologyTerm.jsonld",
          "id" : 1448569185,
          "parents" : [ ],
          "resource" : "Allele Function",
          "term" : "Unknown or Uncertain function",
          "termId" : "haplotypeTags:1448569185",
          "version" : 2
        },
        "haplotype" : {
          "@id" : "https://pharmgkb.org/haplotype/PA165816563",
          "@context" : "https://api.pharmgkb.org/jsonld/haplotype.jsonld",
          "objCls" : "Haplotype",
          "id" : "PA165816563",
          "symbol" : "CYP2C9*17",
          "name" : "*17",
          "version" : 5
        },
        "version" : 0
      }, {
        "id" : 1449560543,
        "_label" : "*18",
        "function" : {
          "@id" : "https://pharmgkb.org/ontologyTerm/alleleFunction/haplotypeTags:1448569185",
          "@context" : "https://api.pharmgkb.org/jsonld/ontologyTerm.jsonld",
          "id" : 1448569185,
          "parents" : [ ],
          "resource" : "Allele Function",
          "term" : "Unknown or Uncertain function",
          "termId" : "haplotypeTags:1448569185",
          "version" : 2
        },
        "haplotype" : {
          "@id" : "https://pharmgkb.org/haplotype/PA165816558",
          "@context" : "https://api.pharmgkb.org/jsonld/haplotype.jsonld",
          "objCls" : "Haplotype",
          "id" : "PA165816558",
          "symbol" : "CYP2C9*18",
          "name" : "*18",
          "version" : 7
        },
        "version" : 0
      }, {
        "id" : 1449560544,
        "_label" : "*19",
        "function" : {
          "@id" : "https://pharmgkb.org/ontologyTerm/alleleFunction/haplotypeTags:1448569185",
          "@context" : "https://api.pharmgkb.org/jsonld/ontologyTerm.jsonld",
          "id" : 1448569185,
          "parents" : [ ],
          "resource" : "Allele Function",
          "term" : "Unknown or Uncertain function",
          "termId" : "haplotypeTags:1448569185",
          "version" : 2
        },
        "haplotype" : {
          "@id" : "https://pharmgkb.org/haplotype/PA165816564",
          "@context" : "https://api.pharmgkb.org/jsonld/haplotype.jsonld",
          "objCls" : "Haplotype",
          "id" : "PA165816564",
          "symbol" : "CYP2C9*19",
          "name" : "*19",
          "version" : 5
        },
        "version" : 0
      }, {
        "id" : 1449560545,
        "_label" : "*20",
        "function" : {
          "@id" : "https://pharmgkb.org/ontologyTerm/alleleFunction/haplotypeTags:1448569185",
          "@context" : "https://api.pharmgkb.org/jsonld/ontologyTerm.jsonld",
          "id" : 1448569185,
          "parents" : [ ],
          "resource" : "Allele Function",
          "term" : "Unknown or Uncertain function",
          "termId" : "haplotypeTags:1448569185",
          "version" : 2
        },
        "haplotype" : {
          "@id" : "https://pharmgkb.org/haplotype/PA165816565",
          "@context" : "https://api.pharmgkb.org/jsonld/haplotype.jsonld",
          "objCls" : "Haplotype",
          "id" : "PA165816565",
          "symbol" : "CYP2C9*20",
          "name" : "*20",
          "version" : 5
        },
        "version" : 0
      }, {
        "id" : 1449560546,
        "_label" : "*21",
        "function" : {
          "@id" : "https://pharmgkb.org/ontologyTerm/alleleFunction/haplotypeTags:1448569185",
          "@context" : "https://api.pharmgkb.org/jsonld/ontologyTerm.jsonld",
          "id" : 1448569185,
          "parents" : [ ],
          "resource" : "Allele Function",
          "term" : "Unknown or Uncertain function",
          "termId" : "haplotypeTags:1448569185",
          "version" : 2
        },
        "haplotype" : {
          "@id" : "https://pharmgkb.org/haplotype/PA165816566",
          "@context" : "https://api.pharmgkb.org/jsonld/haplotype.jsonld",
          "objCls" : "Haplotype",
          "id" : "PA165816566",
          "symbol" : "CYP2C9*21",
          "name" : "*21",
          "version" : 5
        },
        "version" : 0
      }, {
        "id" : 1449560547,
        "_label" : "*22",
        "function" : {
          "@id" : "https://pharmgkb.org/ontologyTerm/alleleFunction/haplotypeTags:1448569185",
          "@context" : "https://api.pharmgkb.org/jsonld/ontologyTerm.jsonld",
          "id" : 1448569185,
          "parents" : [ ],
          "resource" : "Allele Function",
          "term" : "Unknown or Uncertain function",
          "termId" : "haplotypeTags:1448569185",
          "version" : 2
        },
        "haplotype" : {
          "@id" : "https://pharmgkb.org/haplotype/PA165816567",
          "@context" : "https://api.pharmgkb.org/jsonld/haplotype.jsonld",
          "objCls" : "Haplotype",
          "id" : "PA165816567",
          "symbol" : "CYP2C9*22",
          "name" : "*22",
          "version" : 5
        },
        "version" : 0
      }, {
        "id" : 1449560548,
        "_label" : "*23",
        "function" : {
          "@id" : "https://pharmgkb.org/ontologyTerm/alleleFunction/haplotypeTags:1448569185",
          "@context" : "https://api.pharmgkb.org/jsonld/ontologyTerm.jsonld",
          "id" : 1448569185,
          "parents" : [ ],
          "resource" : "Allele Function",
          "term" : "Unknown or Uncertain function",
          "termId" : "haplotypeTags:1448569185",
          "version" : 2
        },
        "haplotype" : {
          "@id" : "https://pharmgkb.org/haplotype/PA165816568",
          "@context" : "https://api.pharmgkb.org/jsonld/haplotype.jsonld",
          "objCls" : "Haplotype",
          "id" : "PA165816568",
          "symbol" : "CYP2C9*23",
          "name" : "*23",
          "version" : 5
        },
        "version" : 0
      }, {
        "id" : 1449560549,
        "_label" : "*24",
        "function" : {
          "@id" : "https://pharmgkb.org/ontologyTerm/alleleFunction/haplotypeTags:1448569185",
          "@context" : "https://api.pharmgkb.org/jsonld/ontologyTerm.jsonld",
          "id" : 1448569185,
          "parents" : [ ],
          "resource" : "Allele Function",
          "term" : "Unknown or Uncertain function",
          "termId" : "haplotypeTags:1448569185",
          "version" : 2
        },
        "haplotype" : {
          "@id" : "https://pharmgkb.org/haplotype/PA165816569",
          "@context" : "https://api.pharmgkb.org/jsonld/haplotype.jsonld",
          "objCls" : "Haplotype",
          "id" : "PA165816569",
          "symbol" : "CYP2C9*24",
          "name" : "*24",
          "version" : 5
        },
        "version" : 0
      }, {
        "id" : 1449560550,
        "_label" : "*25",
        "function" : {
          "@id" : "https://pharmgkb.org/ontologyTerm/alleleFunction/haplotypeTags:1445558515",
          "@context" : "https://api.pharmgkb.org/jsonld/ontologyTerm.jsonld",
          "id" : 1445558515,
          "parents" : [ ],
          "resource" : "Allele Function",
          "term" : "No function",
          "termId" : "haplotypeTags:1445558515",
          "version" : 1
        },
        "haplotype" : {
          "@id" : "https://pharmgkb.org/haplotype/PA165816559",
          "@context" : "https://api.pharmgkb.org/jsonld/haplotype.jsonld",
          "objCls" : "Haplotype",
          "id" : "PA165816559",
          "symbol" : "CYP2C9*25",
          "name" : "*25",
          "version" : 7
        },
        "version" : 0
      }, {
        "id" : 1449560551,
        "_label" : "*26",
        "function" : {
          "@id" : "https://pharmgkb.org/ontologyTerm/alleleFunction/haplotypeTags:1448569185",
          "@context" : "https://api.pharmgkb.org/jsonld/ontologyTerm.jsonld",
          "id" : 1448569185,
          "parents" : [ ],
          "resource" : "Allele Function",
          "term" : "Unknown or Uncertain function",
          "termId" : "haplotypeTags:1448569185",
          "version" : 2
        },
        "haplotype" : {
          "@id" : "https://pharmgkb.org/haplotype/PA165816570",
          "@context" : "https://api.pharmgkb.org/jsonld/haplotype.jsonld",
          "objCls" : "Haplotype",
          "id" : "PA165816570",
          "symbol" : "CYP2C9*26",
          "name" : "*26",
          "version" : 5
        },
        "version" : 0
      }, {
        "id" : 1449560552,
        "_label" : "*27",
        "function" : {
          "@id" : "https://pharmgkb.org/ontologyTerm/alleleFunction/haplotypeTags:1448569185",
          "@context" : "https://api.pharmgkb.org/jsonld/ontologyTerm.jsonld",
          "id" : 1448569185,
          "parents" : [ ],
          "resource" : "Allele Function",
          "term" : "Unknown or Uncertain function",
          "termId" : "haplotypeTags:1448569185",
          "version" : 2
        },
        "haplotype" : {
          "@id" : "https://pharmgkb.org/haplotype/PA165816571",
          "@context" : "https://api.pharmgkb.org/jsonld/haplotype.jsonld",
          "objCls" : "Haplotype",
          "id" : "PA165816571",
          "symbol" : "CYP2C9*27",
          "name" : "*27",
          "version" : 5
        },
        "version" : 0
      }, {
        "id" : 1449560553,
        "_label" : "*28",
        "function" : {
          "@id" : "https://pharmgkb.org/ontologyTerm/alleleFunction/haplotypeTags:1448569185",
          "@context" : "https://api.pharmgkb.org/jsonld/ontologyTerm.jsonld",
          "id" : 1448569185,
          "parents" : [ ],
          "resource" : "Allele Function",
          "term" : "Unknown or Uncertain function",
          "termId" : "haplotypeTags:1448569185",
          "version" : 2
        },
        "haplotype" : {
          "@id" : "https://pharmgkb.org/haplotype/PA165816572",
          "@context" : "https://api.pharmgkb.org/jsonld/haplotype.jsonld",
          "objCls" : "Haplotype",
          "id" : "PA165816572",
          "symbol" : "CYP2C9*28",
          "name" : "*28",
          "version" : 5
        },
        "version" : 0
      }, {
        "id" : 1449560554,
        "_label" : "*29",
        "function" : {
          "@id" : "https://pharmgkb.org/ontologyTerm/alleleFunction/haplotypeTags:1448569185",
          "@context" : "https://api.pharmgkb.org/jsonld/ontologyTerm.jsonld",
          "id" : 1448569185,
          "parents" : [ ],
          "resource" : "Allele Function",
          "term" : "Unknown or Uncertain function",
          "termId" : "haplotypeTags:1448569185",
          "version" : 2
        },
        "haplotype" : {
          "@id" : "https://pharmgkb.org/haplotype/PA165816573",
          "@context" : "https://api.pharmgkb.org/jsonld/haplotype.jsonld",
          "objCls" : "Haplotype",
          "id" : "PA165816573",
          "symbol" : "CYP2C9*29",
          "name" : "*29",
          "version" : 5
        },
        "version" : 0
      }, {
        "id" : 1449560555,
        "_label" : "*30",
        "function" : {
          "@id" : "https://pharmgkb.org/ontologyTerm/alleleFunction/haplotypeTags:1448569185",
          "@context" : "https://api.pharmgkb.org/jsonld/ontologyTerm.jsonld",
          "id" : 1448569185,
          "parents" : [ ],
          "resource" : "Allele Function",
          "term" : "Unknown or Uncertain function",
          "termId" : "haplotypeTags:1448569185",
          "version" : 2
        },
        "haplotype" : {
          "@id" : "https://pharmgkb.org/haplotype/PA165816574",
          "@context" : "https://api.pharmgkb.org/jsonld/haplotype.jsonld",
          "objCls" : "Haplotype",
          "id" : "PA165816574",
          "symbol" : "CYP2C9*30",
          "name" : "*30",
          "version" : 5
        },
        "version" : 0
      }, {
        "id" : 1449560556,
        "_label" : "*31",
        "function" : {
          "@id" : "https://pharmgkb.org/ontologyTerm/alleleFunction/haplotypeTags:1445918941",
          "@context" : "https://api.pharmgkb.org/jsonld/ontologyTerm.jsonld",
          "id" : 1445918941,
          "parents" : [ ],
          "resource" : "Allele Function",
          "term" : "Possible Decreased function",
          "termId" : "haplotypeTags:1445918941",
          "version" : 0
        },
        "haplotype" : {
          "@id" : "https://pharmgkb.org/haplotype/PA165816560",
          "@context" : "https://api.pharmgkb.org/jsonld/haplotype.jsonld",
          "objCls" : "Haplotype",
          "id" : "PA165816560",
          "symbol" : "CYP2C9*31",
          "name" : "*31",
          "version" : 7
        },
        "version" : 0
      }, {
        "id" : 1449560557,
        "_label" : "*32",
        "function" : {
          "@id" : "https://pharmgkb.org/ontologyTerm/alleleFunction/haplotypeTags:1448569185",
          "@context" : "https://api.pharmgkb.org/jsonld/ontologyTerm.jsonld",
          "id" : 1448569185,
          "parents" : [ ],
          "resource" : "Allele Function",
          "term" : "Unknown or Uncertain function",
          "termId" : "haplotypeTags:1448569185",
          "version" : 2
        },
        "haplotype" : {
          "@id" : "https://pharmgkb.org/haplotype/PA165816575",
          "@context" : "https://api.pharmgkb.org/jsonld/haplotype.jsonld",
          "objCls" : "Haplotype",
          "id" : "PA165816575",
          "symbol" : "CYP2C9*32",
          "name" : "*32",
          "version" : 5
        },
        "version" : 0
      }, {
        "id" : 1449560558,
        "_label" : "*33",
        "function" : {
          "@id" : "https://pharmgkb.org/ontologyTerm/alleleFunction/haplotypeTags:1448569185",
          "@context" : "https://api.pharmgkb.org/jsonld/ontologyTerm.jsonld",
          "id" : 1448569185,
          "parents" : [ ],
          "resource" : "Allele Function",
          "term" : "Unknown or Uncertain function",
          "termId" : "haplotypeTags:1448569185",
          "version" : 2
        },
        "haplotype" : {
          "@id" : "https://pharmgkb.org/haplotype/PA165816561",
          "@context" : "https://api.pharmgkb.org/jsonld/haplotype.jsonld",
          "objCls" : "Haplotype",
          "id" : "PA165816561",
          "symbol" : "CYP2C9*33",
          "name" : "*33",
          "version" : 7
        },
        "version" : 0
      }, {
        "id" : 1449560559,
        "_label" : "*34",
        "function" : {
          "@id" : "https://pharmgkb.org/ontologyTerm/alleleFunction/haplotypeTags:1448569185",
          "@context" : "https://api.pharmgkb.org/jsonld/ontologyTerm.jsonld",
          "id" : 1448569185,
          "parents" : [ ],
          "resource" : "Allele Function",
          "term" : "Unknown or Uncertain function",
          "termId" : "haplotypeTags:1448569185",
          "version" : 2
        },
        "haplotype" : {
          "@id" : "https://pharmgkb.org/haplotype/PA165816562",
          "@context" : "https://api.pharmgkb.org/jsonld/haplotype.jsonld",
          "objCls" : "Haplotype",
          "id" : "PA165816562",
          "symbol" : "CYP2C9*34",
          "name" : "*34",
          "version" : 8
        },
        "version" : 0
      }, {
        "id" : 1449560560,
        "_label" : "*35",
        "function" : {
          "@id" : "https://pharmgkb.org/ontologyTerm/alleleFunction/haplotypeTags:1448569185",
          "@context" : "https://api.pharmgkb.org/jsonld/ontologyTerm.jsonld",
          "id" : 1448569185,
          "parents" : [ ],
          "resource" : "Allele Function",
          "term" : "Unknown or Uncertain function",
          "termId" : "haplotypeTags:1448569185",
          "version" : 2
        },
        "haplotype" : {
          "@id" : "https://pharmgkb.org/haplotype/PA166048681",
          "@context" : "https://api.pharmgkb.org/jsonld/haplotype.jsonld",
          "objCls" : "Haplotype",
          "id" : "PA166048681",
          "symbol" : "CYP2C9*35",
          "name" : "*35",
          "version" : 4
        },
        "version" : 0
      }, {
        "id" : 1449560561,
        "_label" : "*36",
        "function" : {
          "@id" : "https://pharmgkb.org/ontologyTerm/alleleFunction/haplotypeTags:1448569185",
          "@context" : "https://api.pharmgkb.org/jsonld/ontologyTerm.jsonld",
          "id" : 1448569185,
          "parents" : [ ],
          "resource" : "Allele Function",
          "term" : "Unknown or Uncertain function",
          "termId" : "haplotypeTags:1448569185",
          "version" : 2
        },
        "haplotype" : {
          "@id" : "https://pharmgkb.org/haplotype/PA166048682",
          "@context" : "https://api.pharmgkb.org/jsonld/haplotype.jsonld",
          "objCls" : "Haplotype",
          "id" : "PA166048682",
          "symbol" : "CYP2C9*36",
          "name" : "*36",
          "version" : 4
        },
        "version" : 0
      }, {
        "id" : 1449560562,
        "_label" : "*37",
        "function" : {
          "@id" : "https://pharmgkb.org/ontologyTerm/alleleFunction/haplotypeTags:1448569185",
          "@context" : "https://api.pharmgkb.org/jsonld/ontologyTerm.jsonld",
          "id" : 1448569185,
          "parents" : [ ],
          "resource" : "Allele Function",
          "term" : "Unknown or Uncertain function",
          "termId" : "haplotypeTags:1448569185",
          "version" : 2
        },
        "haplotype" : {
          "@id" : "https://pharmgkb.org/haplotype/PA166048683",
          "@context" : "https://api.pharmgkb.org/jsonld/haplotype.jsonld",
          "objCls" : "Haplotype",
          "id" : "PA166048683",
          "symbol" : "CYP2C9*37",
          "name" : "*37",
          "version" : 4
        },
        "version" : 0
      }, {
        "id" : 1449560563,
        "_label" : "*38",
        "function" : {
          "@id" : "https://pharmgkb.org/ontologyTerm/alleleFunction/haplotypeTags:1448569185",
          "@context" : "https://api.pharmgkb.org/jsonld/ontologyTerm.jsonld",
          "id" : 1448569185,
          "parents" : [ ],
          "resource" : "Allele Function",
          "term" : "Unknown or Uncertain function",
          "termId" : "haplotypeTags:1448569185",
          "version" : 2
        },
        "haplotype" : {
          "@id" : "https://pharmgkb.org/haplotype/PA166048684",
          "@context" : "https://api.pharmgkb.org/jsonld/haplotype.jsonld",
          "objCls" : "Haplotype",
          "id" : "PA166048684",
          "symbol" : "CYP2C9*38",
          "name" : "*38",
          "version" : 4
        },
        "version" : 0
      }, {
        "id" : 1449560564,
        "_label" : "*39",
        "function" : {
          "@id" : "https://pharmgkb.org/ontologyTerm/alleleFunction/haplotypeTags:1448569185",
          "@context" : "https://api.pharmgkb.org/jsonld/ontologyTerm.jsonld",
          "id" : 1448569185,
          "parents" : [ ],
          "resource" : "Allele Function",
          "term" : "Unknown or Uncertain function",
          "termId" : "haplotypeTags:1448569185",
          "version" : 2
        },
        "haplotype" : {
          "@id" : "https://pharmgkb.org/haplotype/PA166048685",
          "@context" : "https://api.pharmgkb.org/jsonld/haplotype.jsonld",
          "objCls" : "Haplotype",
          "id" : "PA166048685",
          "symbol" : "CYP2C9*39",
          "name" : "*39",
          "version" : 4
        },
        "version" : 0
      }, {
        "id" : 1449560565,
        "_label" : "*40",
        "function" : {
          "@id" : "https://pharmgkb.org/ontologyTerm/alleleFunction/haplotypeTags:1448569185",
          "@context" : "https://api.pharmgkb.org/jsonld/ontologyTerm.jsonld",
          "id" : 1448569185,
          "parents" : [ ],
          "resource" : "Allele Function",
          "term" : "Unknown or Uncertain function",
          "termId" : "haplotypeTags:1448569185",
          "version" : 2
        },
        "haplotype" : {
          "@id" : "https://pharmgkb.org/haplotype/PA166048686",
          "@context" : "https://api.pharmgkb.org/jsonld/haplotype.jsonld",
          "objCls" : "Haplotype",
          "id" : "PA166048686",
          "symbol" : "CYP2C9*40",
          "name" : "*40",
          "version" : 4
        },
        "version" : 0
      }, {
        "id" : 1449560566,
        "_label" : "*41",
        "function" : {
          "@id" : "https://pharmgkb.org/ontologyTerm/alleleFunction/haplotypeTags:1448569185",
          "@context" : "https://api.pharmgkb.org/jsonld/ontologyTerm.jsonld",
          "id" : 1448569185,
          "parents" : [ ],
          "resource" : "Allele Function",
          "term" : "Unknown or Uncertain function",
          "termId" : "haplotypeTags:1448569185",
          "version" : 2
        },
        "haplotype" : {
          "@id" : "https://pharmgkb.org/haplotype/PA166048687",
          "@context" : "https://api.pharmgkb.org/jsonld/haplotype.jsonld",
          "objCls" : "Haplotype",
          "id" : "PA166048687",
          "symbol" : "CYP2C9*41",
          "name" : "*41",
          "version" : 4
        },
        "version" : 0
      }, {
        "id" : 1449560567,
        "_label" : "*42",
        "function" : {
          "@id" : "https://pharmgkb.org/ontologyTerm/alleleFunction/haplotypeTags:1448569185",
          "@context" : "https://api.pharmgkb.org/jsonld/ontologyTerm.jsonld",
          "id" : 1448569185,
          "parents" : [ ],
          "resource" : "Allele Function",
          "term" : "Unknown or Uncertain function",
          "termId" : "haplotypeTags:1448569185",
          "version" : 2
        },
        "haplotype" : {
          "@id" : "https://pharmgkb.org/haplotype/PA166048688",
          "@context" : "https://api.pharmgkb.org/jsonld/haplotype.jsonld",
          "objCls" : "Haplotype",
          "id" : "PA166048688",
          "symbol" : "CYP2C9*42",
          "name" : "*42",
          "version" : 4
        },
        "version" : 0
      }, {
        "id" : 1449560568,
        "_label" : "*43",
        "function" : {
          "@id" : "https://pharmgkb.org/ontologyTerm/alleleFunction/haplotypeTags:1448569185",
          "@context" : "https://api.pharmgkb.org/jsonld/ontologyTerm.jsonld",
          "id" : 1448569185,
          "parents" : [ ],
          "resource" : "Allele Function",
          "term" : "Unknown or Uncertain function",
          "termId" : "haplotypeTags:1448569185",
          "version" : 2
        },
        "haplotype" : {
          "@id" : "https://pharmgkb.org/haplotype/PA166048689",
          "@context" : "https://api.pharmgkb.org/jsonld/haplotype.jsonld",
          "objCls" : "Haplotype",
          "id" : "PA166048689",
          "symbol" : "CYP2C9*43",
          "name" : "*43",
          "version" : 4
        },
        "version" : 0
      }, {
        "id" : 1449560569,
        "_label" : "*44",
        "function" : {
          "@id" : "https://pharmgkb.org/ontologyTerm/alleleFunction/haplotypeTags:1448569185",
          "@context" : "https://api.pharmgkb.org/jsonld/ontologyTerm.jsonld",
          "id" : 1448569185,
          "parents" : [ ],
          "resource" : "Allele Function",
          "term" : "Unknown or Uncertain function",
          "termId" : "haplotypeTags:1448569185",
          "version" : 2
        },
        "haplotype" : {
          "@id" : "https://pharmgkb.org/haplotype/PA166048690",
          "@context" : "https://api.pharmgkb.org/jsonld/haplotype.jsonld",
          "objCls" : "Haplotype",
          "id" : "PA166048690",
          "symbol" : "CYP2C9*44",
          "name" : "*44",
          "version" : 4
        },
        "version" : 0
      }, {
        "id" : 1449560570,
        "_label" : "*45",
        "function" : {
          "@id" : "https://pharmgkb.org/ontologyTerm/alleleFunction/haplotypeTags:1448569185",
          "@context" : "https://api.pharmgkb.org/jsonld/ontologyTerm.jsonld",
          "id" : 1448569185,
          "parents" : [ ],
          "resource" : "Allele Function",
          "term" : "Unknown or Uncertain function",
          "termId" : "haplotypeTags:1448569185",
          "version" : 2
        },
        "haplotype" : {
          "@id" : "https://pharmgkb.org/haplotype/PA166048691",
          "@context" : "https://api.pharmgkb.org/jsonld/haplotype.jsonld",
          "objCls" : "Haplotype",
          "id" : "PA166048691",
          "symbol" : "CYP2C9*45",
          "name" : "*45",
          "version" : 4
        },
        "version" : 0
      }, {
        "id" : 1449560571,
        "_label" : "*46",
        "function" : {
          "@id" : "https://pharmgkb.org/ontologyTerm/alleleFunction/haplotypeTags:1448569185",
          "@context" : "https://api.pharmgkb.org/jsonld/ontologyTerm.jsonld",
          "id" : 1448569185,
          "parents" : [ ],
          "resource" : "Allele Function",
          "term" : "Unknown or Uncertain function",
          "termId" : "haplotypeTags:1448569185",
          "version" : 2
        },
        "haplotype" : {
          "@id" : "https://pharmgkb.org/haplotype/PA166048692",
          "@context" : "https://api.pharmgkb.org/jsonld/haplotype.jsonld",
          "objCls" : "Haplotype",
          "id" : "PA166048692",
          "symbol" : "CYP2C9*46",
          "name" : "*46",
          "version" : 4
        },
        "version" : 0
      }, {
        "id" : 1449560572,
        "_label" : "*47",
        "function" : {
          "@id" : "https://pharmgkb.org/ontologyTerm/alleleFunction/haplotypeTags:1448569185",
          "@context" : "https://api.pharmgkb.org/jsonld/ontologyTerm.jsonld",
          "id" : 1448569185,
          "parents" : [ ],
          "resource" : "Allele Function",
          "term" : "Unknown or Uncertain function",
          "termId" : "haplotypeTags:1448569185",
          "version" : 2
        },
        "haplotype" : {
          "@id" : "https://pharmgkb.org/haplotype/PA166048693",
          "@context" : "https://api.pharmgkb.org/jsonld/haplotype.jsonld",
          "objCls" : "Haplotype",
          "id" : "PA166048693",
          "symbol" : "CYP2C9*47",
          "name" : "*47",
          "version" : 4
        },
        "version" : 0
      }, {
        "id" : 1449560573,
        "_label" : "*48",
        "function" : {
          "@id" : "https://pharmgkb.org/ontologyTerm/alleleFunction/haplotypeTags:1448569185",
          "@context" : "https://api.pharmgkb.org/jsonld/ontologyTerm.jsonld",
          "id" : 1448569185,
          "parents" : [ ],
          "resource" : "Allele Function",
          "term" : "Unknown or Uncertain function",
          "termId" : "haplotypeTags:1448569185",
          "version" : 2
        },
        "haplotype" : {
          "@id" : "https://pharmgkb.org/haplotype/PA166048694",
          "@context" : "https://api.pharmgkb.org/jsonld/haplotype.jsonld",
          "objCls" : "Haplotype",
          "id" : "PA166048694",
          "symbol" : "CYP2C9*48",
          "name" : "*48",
          "version" : 4
        },
        "version" : 0
      }, {
        "id" : 1449560574,
        "_label" : "*49",
        "function" : {
          "@id" : "https://pharmgkb.org/ontologyTerm/alleleFunction/haplotypeTags:1448569185",
          "@context" : "https://api.pharmgkb.org/jsonld/ontologyTerm.jsonld",
          "id" : 1448569185,
          "parents" : [ ],
          "resource" : "Allele Function",
          "term" : "Unknown or Uncertain function",
          "termId" : "haplotypeTags:1448569185",
          "version" : 2
        },
        "haplotype" : {
          "@id" : "https://pharmgkb.org/haplotype/PA166048695",
          "@context" : "https://api.pharmgkb.org/jsonld/haplotype.jsonld",
          "objCls" : "Haplotype",
          "id" : "PA166048695",
          "symbol" : "CYP2C9*49",
          "name" : "*49",
          "version" : 4
        },
        "version" : 0
      }, {
        "id" : 1449560575,
        "_label" : "*50",
        "function" : {
          "@id" : "https://pharmgkb.org/ontologyTerm/alleleFunction/haplotypeTags:1448569185",
          "@context" : "https://api.pharmgkb.org/jsonld/ontologyTerm.jsonld",
          "id" : 1448569185,
          "parents" : [ ],
          "resource" : "Allele Function",
          "term" : "Unknown or Uncertain function",
          "termId" : "haplotypeTags:1448569185",
          "version" : 2
        },
        "haplotype" : {
          "@id" : "https://pharmgkb.org/haplotype/PA166048696",
          "@context" : "https://api.pharmgkb.org/jsonld/haplotype.jsonld",
          "objCls" : "Haplotype",
          "id" : "PA166048696",
          "symbol" : "CYP2C9*50",
          "name" : "*50",
          "version" : 4
        },
        "version" : 0
      }, {
        "id" : 1449560576,
        "_label" : "*51",
        "function" : {
          "@id" : "https://pharmgkb.org/ontologyTerm/alleleFunction/haplotypeTags:1448569185",
          "@context" : "https://api.pharmgkb.org/jsonld/ontologyTerm.jsonld",
          "id" : 1448569185,
          "parents" : [ ],
          "resource" : "Allele Function",
          "term" : "Unknown or Uncertain function",
          "termId" : "haplotypeTags:1448569185",
          "version" : 2
        },
        "haplotype" : {
          "@id" : "https://pharmgkb.org/haplotype/PA166048697",
          "@context" : "https://api.pharmgkb.org/jsonld/haplotype.jsonld",
          "objCls" : "Haplotype",
          "id" : "PA166048697",
          "symbol" : "CYP2C9*51",
          "name" : "*51",
          "version" : 4
        },
        "version" : 0
      }, {
        "id" : 1449560577,
        "_label" : "*52",
        "function" : {
          "@id" : "https://pharmgkb.org/ontologyTerm/alleleFunction/haplotypeTags:1448569185",
          "@context" : "https://api.pharmgkb.org/jsonld/ontologyTerm.jsonld",
          "id" : 1448569185,
          "parents" : [ ],
          "resource" : "Allele Function",
          "term" : "Unknown or Uncertain function",
          "termId" : "haplotypeTags:1448569185",
          "version" : 2
        },
        "haplotype" : {
          "@id" : "https://pharmgkb.org/haplotype/PA166048698",
          "@context" : "https://api.pharmgkb.org/jsonld/haplotype.jsonld",
          "objCls" : "Haplotype",
          "id" : "PA166048698",
          "symbol" : "CYP2C9*52",
          "name" : "*52",
          "version" : 4
        },
        "version" : 0
      }, {
        "id" : 1449560578,
        "_label" : "*53",
        "function" : {
          "@id" : "https://pharmgkb.org/ontologyTerm/alleleFunction/haplotypeTags:1448569185",
          "@context" : "https://api.pharmgkb.org/jsonld/ontologyTerm.jsonld",
          "id" : 1448569185,
          "parents" : [ ],
          "resource" : "Allele Function",
          "term" : "Unknown or Uncertain function",
          "termId" : "haplotypeTags:1448569185",
          "version" : 2
        },
        "haplotype" : {
          "@id" : "https://pharmgkb.org/haplotype/PA166048699",
          "@context" : "https://api.pharmgkb.org/jsonld/haplotype.jsonld",
          "objCls" : "Haplotype",
          "id" : "PA166048699",
          "symbol" : "CYP2C9*53",
          "name" : "*53",
          "version" : 4
        },
        "version" : 0
      }, {
        "id" : 1449560579,
        "_label" : "*54",
        "function" : {
          "@id" : "https://pharmgkb.org/ontologyTerm/alleleFunction/haplotypeTags:1448569185",
          "@context" : "https://api.pharmgkb.org/jsonld/ontologyTerm.jsonld",
          "id" : 1448569185,
          "parents" : [ ],
          "resource" : "Allele Function",
          "term" : "Unknown or Uncertain function",
          "termId" : "haplotypeTags:1448569185",
          "version" : 2
        },
        "haplotype" : {
          "@id" : "https://pharmgkb.org/haplotype/PA166048700",
          "@context" : "https://api.pharmgkb.org/jsonld/haplotype.jsonld",
          "objCls" : "Haplotype",
          "id" : "PA166048700",
          "symbol" : "CYP2C9*54",
          "name" : "*54",
          "version" : 4
        },
        "version" : 0
      }, {
        "id" : 1449560580,
        "_label" : "*55",
        "function" : {
          "@id" : "https://pharmgkb.org/ontologyTerm/alleleFunction/haplotypeTags:1448569185",
          "@context" : "https://api.pharmgkb.org/jsonld/ontologyTerm.jsonld",
          "id" : 1448569185,
          "parents" : [ ],
          "resource" : "Allele Function",
          "term" : "Unknown or Uncertain function",
          "termId" : "haplotypeTags:1448569185",
          "version" : 2
        },
        "haplotype" : {
          "@id" : "https://pharmgkb.org/haplotype/PA166048701",
          "@context" : "https://api.pharmgkb.org/jsonld/haplotype.jsonld",
          "objCls" : "Haplotype",
          "id" : "PA166048701",
          "symbol" : "CYP2C9*55",
          "name" : "*55",
          "version" : 4
        },
        "version" : 0
      }, {
        "id" : 1449560581,
        "_label" : "*56",
        "function" : {
          "@id" : "https://pharmgkb.org/ontologyTerm/alleleFunction/haplotypeTags:1448569185",
          "@context" : "https://api.pharmgkb.org/jsonld/ontologyTerm.jsonld",
          "id" : 1448569185,
          "parents" : [ ],
          "resource" : "Allele Function",
          "term" : "Unknown or Uncertain function",
          "termId" : "haplotypeTags:1448569185",
          "version" : 2
        },
        "haplotype" : {
          "@id" : "https://pharmgkb.org/haplotype/PA166048702",
          "@context" : "https://api.pharmgkb.org/jsonld/haplotype.jsonld",
          "objCls" : "Haplotype",
          "id" : "PA166048702",
          "symbol" : "CYP2C9*56",
          "name" : "*56",
          "version" : 4
        },
        "version" : 0
      }, {
        "id" : 1449560582,
        "_label" : "*57",
        "function" : {
          "@id" : "https://pharmgkb.org/ontologyTerm/alleleFunction/haplotypeTags:1448569185",
          "@context" : "https://api.pharmgkb.org/jsonld/ontologyTerm.jsonld",
          "id" : 1448569185,
          "parents" : [ ],
          "resource" : "Allele Function",
          "term" : "Unknown or Uncertain function",
          "termId" : "haplotypeTags:1448569185",
          "version" : 2
        },
        "haplotype" : {
          "@id" : "https://pharmgkb.org/haplotype/PA166048703",
          "@context" : "https://api.pharmgkb.org/jsonld/haplotype.jsonld",
          "objCls" : "Haplotype",
          "id" : "PA166048703",
          "symbol" : "CYP2C9*57",
          "name" : "*57",
          "version" : 4
        },
        "version" : 0
      }, {
        "id" : 1449560583,
        "_label" : "*15",
        "function" : {
          "@id" : "https://pharmgkb.org/ontologyTerm/alleleFunction/haplotypeTags:1445558515",
          "@context" : "https://api.pharmgkb.org/jsonld/ontologyTerm.jsonld",
          "id" : 1445558515,
          "parents" : [ ],
          "resource" : "Allele Function",
          "term" : "No function",
          "termId" : "haplotypeTags:1445558515",
          "version" : 1
        },
        "haplotype" : {
          "@id" : "https://pharmgkb.org/haplotype/PA165816556",
          "@context" : "https://api.pharmgkb.org/jsonld/haplotype.jsonld",
          "objCls" : "Haplotype",
          "id" : "PA165816556",
          "symbol" : "CYP2C9*15",
          "name" : "*15",
          "version" : 7
        },
        "version" : 0
      }, {
        "id" : 1449560587,
        "_label" : "*1",
        "function" : {
          "@id" : "https://pharmgkb.org/ontologyTerm/alleleFunction/haplotypeTags:1445558335",
          "@context" : "https://api.pharmgkb.org/jsonld/ontologyTerm.jsonld",
          "id" : 1445558335,
          "parents" : [ ],
          "resource" : "Allele Function",
          "term" : "Normal function",
          "termId" : "haplotypeTags:1445558335",
          "version" : 1
        },
        "haplotype" : {
          "@id" : "https://pharmgkb.org/haplotype/PA165816542",
          "@context" : "https://api.pharmgkb.org/jsonld/haplotype.jsonld",
          "objCls" : "Haplotype",
          "id" : "PA165816542",
          "symbol" : "CYP2C9*1",
          "name" : "*1",
          "version" : 7
        },
        "version" : 0
      }, {
        "id" : 1449560588,
        "_label" : "*2",
        "function" : {
          "@id" : "https://pharmgkb.org/ontologyTerm/alleleFunction/haplotypeTags:1445558331",
          "@context" : "https://api.pharmgkb.org/jsonld/ontologyTerm.jsonld",
          "id" : 1445558331,
          "parents" : [ ],
          "resource" : "Allele Function",
          "term" : "Decreased function",
          "termId" : "haplotypeTags:1445558331",
          "version" : 1
        },
        "haplotype" : {
          "@id" : "https://pharmgkb.org/haplotype/PA165816543",
          "@context" : "https://api.pharmgkb.org/jsonld/haplotype.jsonld",
          "objCls" : "Haplotype",
          "id" : "PA165816543",
          "symbol" : "CYP2C9*2",
          "name" : "*2",
          "version" : 8
        },
        "version" : 0
      }, {
        "id" : 1449560589,
        "_label" : "*3",
        "function" : {
          "@id" : "https://pharmgkb.org/ontologyTerm/alleleFunction/haplotypeTags:1445558331",
          "@context" : "https://api.pharmgkb.org/jsonld/ontologyTerm.jsonld",
          "id" : 1445558331,
          "parents" : [ ],
          "resource" : "Allele Function",
          "term" : "Decreased function",
          "termId" : "haplotypeTags:1445558331",
          "version" : 1
        },
        "haplotype" : {
          "@id" : "https://pharmgkb.org/haplotype/PA165816544",
          "@context" : "https://api.pharmgkb.org/jsonld/haplotype.jsonld",
          "objCls" : "Haplotype",
          "id" : "PA165816544",
          "symbol" : "CYP2C9*3",
          "name" : "*3",
          "version" : 8
        },
        "version" : 0
      }, {
        "id" : 1449560590,
        "_label" : "*4",
        "function" : {
          "@id" : "https://pharmgkb.org/ontologyTerm/alleleFunction/haplotypeTags:1445918941",
          "@context" : "https://api.pharmgkb.org/jsonld/ontologyTerm.jsonld",
          "id" : 1445918941,
          "parents" : [ ],
          "resource" : "Allele Function",
          "term" : "Possible Decreased function",
          "termId" : "haplotypeTags:1445918941",
          "version" : 0
        },
        "haplotype" : {
          "@id" : "https://pharmgkb.org/haplotype/PA165816545",
          "@context" : "https://api.pharmgkb.org/jsonld/haplotype.jsonld",
          "objCls" : "Haplotype",
          "id" : "PA165816545",
          "symbol" : "CYP2C9*4",
          "name" : "*4",
          "version" : 7
        },
        "version" : 0
      }, {
        "id" : 1449560591,
        "_label" : "*5",
        "function" : {
          "@id" : "https://pharmgkb.org/ontologyTerm/alleleFunction/haplotypeTags:1445918941",
          "@context" : "https://api.pharmgkb.org/jsonld/ontologyTerm.jsonld",
          "id" : 1445918941,
          "parents" : [ ],
          "resource" : "Allele Function",
          "term" : "Possible Decreased function",
          "termId" : "haplotypeTags:1445918941",
          "version" : 0
        },
        "haplotype" : {
          "@id" : "https://pharmgkb.org/haplotype/PA165816546",
          "@context" : "https://api.pharmgkb.org/jsonld/haplotype.jsonld",
          "objCls" : "Haplotype",
          "id" : "PA165816546",
          "symbol" : "CYP2C9*5",
          "name" : "*5",
          "version" : 7
        },
        "version" : 0
      }, {
        "id" : 1449560592,
        "_label" : "*6",
        "function" : {
          "@id" : "https://pharmgkb.org/ontologyTerm/alleleFunction/haplotypeTags:1445558515",
          "@context" : "https://api.pharmgkb.org/jsonld/ontologyTerm.jsonld",
          "id" : 1445558515,
          "parents" : [ ],
          "resource" : "Allele Function",
          "term" : "No function",
          "termId" : "haplotypeTags:1445558515",
          "version" : 1
        },
        "haplotype" : {
          "@id" : "https://pharmgkb.org/haplotype/PA165816547",
          "@context" : "https://api.pharmgkb.org/jsonld/haplotype.jsonld",
          "objCls" : "Haplotype",
          "id" : "PA165816547",
          "symbol" : "CYP2C9*6",
          "name" : "*6",
          "version" : 7
        },
        "version" : 0
      }, {
        "id" : 1449560593,
        "_label" : "*7",
        "function" : {
          "@id" : "https://pharmgkb.org/ontologyTerm/alleleFunction/haplotypeTags:1448569185",
          "@context" : "https://api.pharmgkb.org/jsonld/ontologyTerm.jsonld",
          "id" : 1448569185,
          "parents" : [ ],
          "resource" : "Allele Function",
          "term" : "Unknown or Uncertain function",
          "termId" : "haplotypeTags:1448569185",
          "version" : 2
        },
        "haplotype" : {
          "@id" : "https://pharmgkb.org/haplotype/PA165816548",
          "@context" : "https://api.pharmgkb.org/jsonld/haplotype.jsonld",
          "objCls" : "Haplotype",
          "id" : "PA165816548",
          "symbol" : "CYP2C9*7",
          "name" : "*7",
          "version" : 7
        },
        "version" : 0
      }, {
        "id" : 1449560594,
        "_label" : "*8",
        "function" : {
          "@id" : "https://pharmgkb.org/ontologyTerm/alleleFunction/haplotypeTags:1445918941",
          "@context" : "https://api.pharmgkb.org/jsonld/ontologyTerm.jsonld",
          "id" : 1445918941,
          "parents" : [ ],
          "resource" : "Allele Function",
          "term" : "Possible Decreased function",
          "termId" : "haplotypeTags:1445918941",
          "version" : 0
        },
        "haplotype" : {
          "@id" : "https://pharmgkb.org/haplotype/PA165816549",
          "@context" : "https://api.pharmgkb.org/jsonld/haplotype.jsonld",
          "objCls" : "Haplotype",
          "id" : "PA165816549",
          "symbol" : "CYP2C9*8",
          "name" : "*8",
          "version" : 8
        },
        "version" : 0
      }, {
        "id" : 1449560595,
        "_label" : "*9",
        "function" : {
          "@id" : "https://pharmgkb.org/ontologyTerm/alleleFunction/haplotypeTags:1445558335",
          "@context" : "https://api.pharmgkb.org/jsonld/ontologyTerm.jsonld",
          "id" : 1445558335,
          "parents" : [ ],
          "resource" : "Allele Function",
          "term" : "Normal function",
          "termId" : "haplotypeTags:1445558335",
          "version" : 1
        },
        "haplotype" : {
          "@id" : "https://pharmgkb.org/haplotype/PA165816550",
          "@context" : "https://api.pharmgkb.org/jsonld/haplotype.jsonld",
          "objCls" : "Haplotype",
          "id" : "PA165816550",
          "symbol" : "CYP2C9*9",
          "name" : "*9",
          "version" : 7
        },
        "version" : 0
      }, {
        "id" : 1449560596,
        "_label" : "*10",
        "function" : {
          "@id" : "https://pharmgkb.org/ontologyTerm/alleleFunction/haplotypeTags:1448569185",
          "@context" : "https://api.pharmgkb.org/jsonld/ontologyTerm.jsonld",
          "id" : 1448569185,
          "parents" : [ ],
          "resource" : "Allele Function",
          "term" : "Unknown or Uncertain function",
          "termId" : "haplotypeTags:1448569185",
          "version" : 2
        },
        "haplotype" : {
          "@id" : "https://pharmgkb.org/haplotype/PA165816551",
          "@context" : "https://api.pharmgkb.org/jsonld/haplotype.jsonld",
          "objCls" : "Haplotype",
          "id" : "PA165816551",
          "symbol" : "CYP2C9*10",
          "name" : "*10",
          "version" : 7
        },
        "version" : 0
      }, {
        "id" : 1449560597,
        "_label" : "*11",
        "function" : {
          "@id" : "https://pharmgkb.org/ontologyTerm/alleleFunction/haplotypeTags:1445918941",
          "@context" : "https://api.pharmgkb.org/jsonld/ontologyTerm.jsonld",
          "id" : 1445918941,
          "parents" : [ ],
          "resource" : "Allele Function",
          "term" : "Possible Decreased function",
          "termId" : "haplotypeTags:1445918941",
          "version" : 0
        },
        "haplotype" : {
          "@id" : "https://pharmgkb.org/haplotype/PA165816552",
          "@context" : "https://api.pharmgkb.org/jsonld/haplotype.jsonld",
          "objCls" : "Haplotype",
          "id" : "PA165816552",
          "symbol" : "CYP2C9*11",
          "name" : "*11",
          "version" : 7
        },
        "version" : 0
      }, {
        "id" : 1449560598,
        "_label" : "*12",
        "function" : {
          "@id" : "https://pharmgkb.org/ontologyTerm/alleleFunction/haplotypeTags:1445918941",
          "@context" : "https://api.pharmgkb.org/jsonld/ontologyTerm.jsonld",
          "id" : 1445918941,
          "parents" : [ ],
          "resource" : "Allele Function",
          "term" : "Possible Decreased function",
          "termId" : "haplotypeTags:1445918941",
          "version" : 0
        },
        "haplotype" : {
          "@id" : "https://pharmgkb.org/haplotype/PA165816553",
          "@context" : "https://api.pharmgkb.org/jsonld/haplotype.jsonld",
          "objCls" : "Haplotype",
          "id" : "PA165816553",
          "symbol" : "CYP2C9*12",
          "name" : "*12",
          "version" : 7
        },
        "version" : 0
      }, {
        "id" : 1449560599,
        "_label" : "*13",
        "function" : {
          "@id" : "https://pharmgkb.org/ontologyTerm/alleleFunction/haplotypeTags:1445918941",
          "@context" : "https://api.pharmgkb.org/jsonld/ontologyTerm.jsonld",
          "id" : 1445918941,
          "parents" : [ ],
          "resource" : "Allele Function",
          "term" : "Possible Decreased function",
          "termId" : "haplotypeTags:1445918941",
          "version" : 0
        },
        "haplotype" : {
          "@id" : "https://pharmgkb.org/haplotype/PA165816554",
          "@context" : "https://api.pharmgkb.org/jsonld/haplotype.jsonld",
          "objCls" : "Haplotype",
          "id" : "PA165816554",
          "symbol" : "CYP2C9*13",
          "name" : "*13",
          "version" : 7
        },
        "version" : 0
      }, {
        "id" : 1449560600,
        "_label" : "*14",
        "function" : {
          "@id" : "https://pharmgkb.org/ontologyTerm/alleleFunction/haplotypeTags:1448569185",
          "@context" : "https://api.pharmgkb.org/jsonld/ontologyTerm.jsonld",
          "id" : 1448569185,
          "parents" : [ ],
          "resource" : "Allele Function",
          "term" : "Unknown or Uncertain function",
          "termId" : "haplotypeTags:1448569185",
          "version" : 2
        },
        "haplotype" : {
          "@id" : "https://pharmgkb.org/haplotype/PA165816555",
          "@context" : "https://api.pharmgkb.org/jsonld/haplotype.jsonld",
          "objCls" : "Haplotype",
          "id" : "PA165816555",
          "symbol" : "CYP2C9*14",
          "name" : "*14",
          "version" : 7
        },
        "version" : 0
      }, {
        "id" : 1449560601,
        "_label" : "*15",
        "function" : {
          "@id" : "https://pharmgkb.org/ontologyTerm/alleleFunction/haplotypeTags:1445558515",
          "@context" : "https://api.pharmgkb.org/jsonld/ontologyTerm.jsonld",
          "id" : 1445558515,
          "parents" : [ ],
          "resource" : "Allele Function",
          "term" : "No function",
          "termId" : "haplotypeTags:1445558515",
          "version" : 1
        },
        "haplotype" : {
          "@id" : "https://pharmgkb.org/haplotype/PA165816556",
          "@context" : "https://api.pharmgkb.org/jsonld/haplotype.jsonld",
          "objCls" : "Haplotype",
          "id" : "PA165816556",
          "symbol" : "CYP2C9*15",
          "name" : "*15",
          "version" : 7
        },
        "version" : 0
      } ],
      "gene" : {
        "@id" : "https://pharmgkb.org/gene/PA126",
        "@context" : "https://api.pharmgkb.org/jsonld/gene.jsonld",
        "objCls" : "Gene",
        "id" : "PA126",
        "symbol" : "CYP2C9",
        "name" : "cytochrome P450 family 2 subfamily C member 9",
        "version" : 7875
      },
      "version" : 0
    }, {
      "id" : 1449560584,
      "alleles" : [ {
        "id" : 1449560585,
        "_label" : "Other",
        "allele" : "Other",
        "function" : {
          "@id" : "https://pharmgkb.org/ontologyTerm/alleleFunction/haplotypeTags:1445558334",
          "@context" : "https://api.pharmgkb.org/jsonld/ontologyTerm.jsonld",
          "id" : 1445558334,
          "parents" : [ ],
          "resource" : "Allele Function",
          "term" : "Absence",
          "termId" : "haplotypeTags:1445558334",
          "version" : 0
        },
        "version" : 0
      }, {
        "id" : 1449560586,
        "_label" : "*15:02:01",
        "function" : {
          "@id" : "https://pharmgkb.org/ontologyTerm/alleleFunction/haplotypeTags:1445558333",
          "@context" : "https://api.pharmgkb.org/jsonld/ontologyTerm.jsonld",
          "id" : 1445558333,
          "parents" : [ ],
          "resource" : "Allele Function",
          "term" : "Presence",
          "termId" : "haplotypeTags:1445558333",
          "version" : 0
        },
        "haplotype" : {
          "@id" : "https://pharmgkb.org/haplotype/PA165954769",
          "@context" : "https://api.pharmgkb.org/jsonld/haplotype.jsonld",
          "objCls" : "Haplotype",
          "id" : "PA165954769",
          "symbol" : "HLA-B*15:02:01",
          "name" : "*15:02:01",
          "version" : 2
        },
        "version" : 0
      } ],
      "gene" : {
        "@id" : "https://pharmgkb.org/gene/PA35056",
        "@context" : "https://api.pharmgkb.org/jsonld/gene.jsonld",
        "objCls" : "Gene",
        "id" : "PA35056",
        "symbol" : "HLA-B",
        "name" : "major histocompatibility complex, class I, B",
        "version" : 40
      },
      "version" : 0
    } ],
    "history" : [ {
      "id" : 1184512517,
      "date" : "2014-08-05T00:00:00-07:00",
      "type" : "Create",
      "version" : 0
    } ],
    "literature" : [ {"@id":"https://pharmgkb.org/literature/15080841","@context":"https://api.pharmgkb.org/jsonld/literature.jsonld","id":15080841,"resourceId":"25099164","title":"Clinical pharmacogenetics implementation consortium guidelines for CYP2C9 and HLA-B genotypes and phenytoin dosing.","_sameAs":"https://www.ncbi.nlm.nih.gov/pmc/articles/PMC4206662","objCls":"Literature","type":"Article","xrefs":[{"@id":"https://pharmgkb.org/crossReference/pmc/PMC4206662","@context":"https://api.pharmgkb.org/jsonld/crossReference.jsonld","id":1449282294,"resource":"PubMed Central","resourceId":"PMC4206662","_url":"https://www.ncbi.nlm.nih.gov/pmc/articles/PMC4206662"},{"@id":"https://pharmgkb.org/crossReference/pubMed/25099164","@context":"https://api.pharmgkb.org/jsonld/crossReference.jsonld","id":1449282293,"resource":"PubMed","resourceId":"25099164","_url":"https://www.ncbi.nlm.nih.gov/pubmed/25099164"},{"@id":"https://pharmgkb.org/crossReference/doi/10.1038/clpt.2014.159","@context":"https://api.pharmgkb.org/jsonld/crossReference.jsonld","id":1449282295,"resource":"DOI","resourceId":"10.1038/clpt.2014.159","_url":"http://dx.doi.org/10.1038%2Fclpt.2014.159"}]}, {"@id":"https://pharmgkb.org/literature/15100913","@context":"https://api.pharmgkb.org/jsonld/literature.jsonld","id":15100913,"resourceId":"https://cpicpgx.org/guidelines/guideline-for-phenytoin-and-cyp2c9-and-hla-b/","title":"CPIC® Guideline for Phenytoin and CYP2C9 and HLA-B – CPIC","_sameAs":"https://cpicpgx.org/guidelines/guideline-for-phenytoin-and-cyp2c9-and-hla-b/","objCls":"Literature","type":"Web Page","xrefs":[{"@id":"https://pharmgkb.org/crossReference/url/https://cpicpgx.org/guidelines/guideline-for-phenytoin-and-cyp2c9-and-hla-b/","@context":"https://api.pharmgkb.org/jsonld/crossReference.jsonld","id":1447983504,"resource":"URL","resourceId":"https://cpicpgx.org/guidelines/guideline-for-phenytoin-and-cyp2c9-and-hla-b/","_url":"https://cpicpgx.org/guidelines/guideline-for-phenytoin-and-cyp2c9-and-hla-b/"}]} ],
    "recommendation" : true,
    "relatedAlleles" : [ ],
    "relatedChemicals" : [ {
      "@id" : "https://pharmgkb.org/chemical/PA450947",
      "@context" : "https://api.pharmgkb.org/jsonld/chemical.jsonld",
      "objCls" : "Chemical",
      "id" : "PA450947",
      "name" : "phenytoin",
      "version" : 12
    } ],
    "relatedGenes" : [ {
      "@id" : "https://pharmgkb.org/gene/PA126",
      "@context" : "https://api.pharmgkb.org/jsonld/gene.jsonld",
      "objCls" : "Gene",
      "id" : "PA126",
      "symbol" : "CYP2C9",
      "name" : "cytochrome P450 family 2 subfamily C member 9",
      "version" : 7875
    }, {
      "@id" : "https://pharmgkb.org/gene/PA35056",
      "@context" : "https://api.pharmgkb.org/jsonld/gene.jsonld",
      "objCls" : "Gene",
      "id" : "PA35056",
      "symbol" : "HLA-B",
      "name" : "major histocompatibility complex, class I, B",
      "version" : 40
    } ],
    "source" : "Clinical Pharmacogenetics Implementation Consortium",
    "summaryMarkdown" : {
      "id" : 1447981650,
      "html" : "<p>Phenytoin is contraindicated in individuals with the HLA-B*15:02 variant allele (&quot;HLA-B*15:02-positive&quot;) due to significantly increased risk of phenytoin-induced cutaneous adverse reactions of Stevens-Johnson syndrome (SJS) and toxic epidermal necrolysis (TEN).  Additionally, patients with the CYP2C9 poor metabolizer phenotype may require reduced doses of phenytoin.</p>\n",
      "version" : 0
    },
    "summaryVideoId" : "F6Ny6kzCzno",
    "terms" : [ {"@id":"https://pharmgkb.org/ontologyTerm/cpicStatus/cpicStatus:1183847844","@context":"https://api.pharmgkb.org/jsonld/ontologyTerm.jsonld","id":1183847844,"resource":"CPIC Status","term":"A","termId":"cpicStatus:1183847844"} ],
    "textMarkdown" : {
      "id" : 1447981649,
      "html" : "<p>This annotation is based on the <a rel=\"noopener noreferrer\" href=\"https://cpicpgx.org/guidelines/guideline-for-phenytoin-and-cyp2c9-and-hla-b/\" target=\"_blank\">CPIC&reg; guideline for phenytoin and CYP2C9 and HLA-B</a>.</p>\n<h3 id=\"november-2014\">November 2014</h3>\n<p><em>Accepted article preview online August 2014; Advance online publication September 2014</em></p>\n<ul>\n<li>Guidelines regarding the use of pharmacogenomic tests in dosing for phenytoin have been published in Clinical Pharmacology and Therapeutics by the Clinical Pharmacogenetics Implementation Consortium <a rel=\"noopener noreferrer\" href=\"https://cpicpgx.org/\" target=\"_blank\">(CPIC)</a>.</li>\n<li>Excerpt from the 2014 phenytoin dosing guidelines:\n<ul>\n<li>&quot;[A]t least a 25% reduction of the recommended starting maintenance dose may be considered for CYP2C9 intermediate metabolizers with subsequent maintenance doses adjusted based on therapeutic drug monitoring and response. For CYP2C9 poor metabolizers, consider at least a 50% reduction of starting maintenance dose with subsequent maintenance doses adjusted based on therapeutic drug monitoring or response.&quot;</li>\n<li>&quot;[R]egardless of the CYP2C9 genotype and individual's ancestry or age, if the HLA-B*15:02 test result is positive, the recommendation is to consider using an anticonvulsant other than carbamazepine and phenytoin unless the benefits of treating the underlying disease clearly outweigh the risks... Alternative medications such as oxcarbazepine, eslicarbazepine acetate, and lamotrigine have some evidence linking SJS/TEN with the HLA-B*15:02 allele and thus caution should be used in choosing alternatives to phenytoin.&quot;</li>\n</ul>\n</li>\n<li>Download and read:\n<ul>\n<li><a rel=\"noopener noreferrer\" href=\"https://cpicpgx.org/content/guideline/publication/phenytoin/2014/25099164.pdf\" target=\"_blank\">Clinical Pharmacogenetics Implementation Consortium (CPIC) Guidelines for CYP2C9 and HLA-B Genotype and Phenytoin Dosing</a></li>\n<li><a rel=\"noopener noreferrer\" href=\"https://cpicpgx.org/content/guideline/publication/phenytoin/2014/25099164-supplement.pdf\" target=\"_blank\">2014 supplement</a></li>\n<li><a rel=\"noopener noreferrer\" href=\"https://cpicpgx.org/content/guideline/publication/phenytoin/2014/25099164-Phenytoin_translation_table_final.xlsx\" target=\"_blank\">2014 phenytoin translation table</a></li>\n</ul>\n</li>\n</ul>\n<h3 id=\"table-1-phenytoin-fosphenytoin-therapy-recommendations-based-on-hla-b-and-cyp2c9-phenotype-genotype\">Table 1: Phenytoin/fosphenytoin therapy recommendations based on <em>HLA-B</em> and <em>CYP2C9</em> phenotype/genotype</h3>\n<p><em>Adapted from Tables 1 and 2 of the 2014 guideline manuscript.</em></p>\n<ul>\n<li>HLA-B*15:02 &quot;positive&quot;: 1 or 2 *15:02 alleles</li>\n<li>HLA-B*15:02 &quot;negative&quot;: No HLA-B*15:02 alleles reported</li>\n</ul>\n<table class=\"table\">\n<thead>\n<tr><th>CYP2C9 Phenotype</th><th>CYP2C9 genotype</th><th>HLA-B*15:02 &quot;positive&quot; - Implications</th><th>HLA-B*15:02 &quot;positive&quot; - Therapeutic recommendation</th><th>HLA-B*15:02 &quot;positive&quot; - Classification of recommendation</th><th>HLA-B*15:02 &quot;negative&quot;- Implications</th><th>HLA-B*15:02 &quot;negative&quot;-Therapeutic recommendation</th><th>HLA-B*15:02 &quot;negative&quot;-Classification of Recommendation</th></tr>\n</thead>\n<tbody>\n<tr><td><strong>CYP2C9 Extensive Metabolizer</strong></td><td>Normal activity ~91% of patients;  An individual carrying 2 normal activity alleles; Example diplotype:*1/*1</td><td>Increased risk of phenytoin-induced SJS/TEN</td><td>If patient is phenytoin-naive <sup>b</sup>, do not use phenytoin/fosphenytoin.</td><td>STRONG</td><td>Normal phenytoin metabolism</td><td>Initiate therapy with recommended maintenance dose <sup>d</sup>.</td><td>STRONG</td></tr>\n<tr><td><strong>CYP2C9 Intermediate Metabolizer</strong></td><td>Heterozygote ~8% of patients; An individual carrying one normal activity allele plus one decreased function allele; Example diplotypes: *1/*3, *1/*2</td><td>Increased risk of phenytoin-induced SJS/TEN</td><td>If patient is phenytoin-naive <sup>b</sup>, do not use phenytoin/fosphenytoin.</td><td>STRONG</td><td>Reduced phenytoin metabolism, higher plasma concentrations will increase probability of toxicities.</td><td>Consider 25% reduction of recommended starting maintenance dose <sup>d</sup>.  Subsequent doses should be adjusted according to therapeutic drug monitoring and response.</td><td>MODERATE</td></tr>\n<tr><td><strong>CYP2C9 Poor Metabolizer</strong></td><td>Homozygous variant ~1% of patients;  An individual carrying 2 decreased function alleles; Example diplotypes: *2/*2, *3/*3, *2/*3</td><td>Increased risk of phenytoin-induced SJS/TEN.</td><td>If patient is phenytoin-naive <sup>b</sup>, do not use phenytoin/fosphenytoin.</td><td>STRONG</td><td>Reduced phenytoin metabolism, higher plasma concentrations will increase probability of toxicities.</td><td>Consider 50% reduction of recommended starting maintenance dose <sup>d</sup>.  Subsequent maintenance doses should be adjusted according to therapeutic drug monitoring and response.</td><td>STRONG</td></tr>\n</tbody>\n</table>\n<p><sup>b</sup> If the patient has previously used phenytoin for longer than 3 months without incidence of cutaneous adverse reactions, reinitiate phenytoin with caution. Adjust dose based on <em>CYP2C9</em> genotype if known.\n<sup>d</sup> Recommended maintenance dose based on patient’s clinical characteristics.</p>\n",
      "version" : 16
    },
    "userId" : "whaleyr",
    "version" : 42,
    "xrefs" : [ {"@id":"https://pharmgkb.org/crossReference/url/https://cpicpgx.org/guidelines/guideline-for-phenytoin-and-cyp2c9-and-hla-b/","@context":"https://api.pharmgkb.org/jsonld/crossReference.jsonld","id":1447983504,"resource":"URL","resourceId":"https://cpicpgx.org/guidelines/guideline-for-phenytoin-and-cyp2c9-and-hla-b/","_url":"https://cpicpgx.org/guidelines/guideline-for-phenytoin-and-cyp2c9-and-hla-b/"} ]
  }
}